--
-- PostgreSQL database cluster dump
--

-- Started on 2024-06-12 18:07:23

SET default_transaction_read_only = off;

SET client_encoding = 'UTF8';
SET standard_conforming_strings = on;

--
-- Roles
--

CREATE ROLE postgres;
ALTER ROLE postgres WITH SUPERUSER INHERIT CREATEROLE CREATEDB LOGIN REPLICATION BYPASSRLS;

--
-- User Configurations
--








--
-- Databases
--

--
-- Database "template1" dump
--

\connect template1

--
-- PostgreSQL database dump
--

-- Dumped from database version 16.3 (Debian 16.3-1.pgdg120+1)
-- Dumped by pg_dump version 16.3

-- Started on 2024-06-12 18:07:23

SET statement_timeout = 0;
SET lock_timeout = 0;
SET idle_in_transaction_session_timeout = 0;
SET client_encoding = 'UTF8';
SET standard_conforming_strings = on;
SELECT pg_catalog.set_config('search_path', '', false);
SET check_function_bodies = false;
SET xmloption = content;
SET client_min_messages = warning;
SET row_security = off;

-- Completed on 2024-06-12 18:07:24

--
-- PostgreSQL database dump complete
--

--
-- Database "postgres" dump
--

\connect postgres

--
-- PostgreSQL database dump
--

-- Dumped from database version 16.3 (Debian 16.3-1.pgdg120+1)
-- Dumped by pg_dump version 16.3

-- Started on 2024-06-12 18:07:24

SET statement_timeout = 0;
SET lock_timeout = 0;
SET idle_in_transaction_session_timeout = 0;
SET client_encoding = 'UTF8';
SET standard_conforming_strings = on;
SELECT pg_catalog.set_config('search_path', '', false);
SET check_function_bodies = false;
SET xmloption = content;
SET client_min_messages = warning;
SET row_security = off;

SET default_tablespace = '';

SET default_table_access_method = heap;

--
-- TOC entry 224 (class 1259 OID 18698)
-- Name: grades; Type: TABLE; Schema: public; Owner: postgres
--

CREATE TABLE public.grades (
    id integer NOT NULL,
    student_id integer,
    subject_id integer,
    grade integer,
    grade_date date NOT NULL,
    CONSTRAINT grades_grade_check CHECK (((grade >= 0) AND (grade <= 100)))
);


ALTER TABLE public.grades OWNER TO postgres;

--
-- TOC entry 223 (class 1259 OID 18697)
-- Name: grades_id_seq; Type: SEQUENCE; Schema: public; Owner: postgres
--

CREATE SEQUENCE public.grades_id_seq
    AS integer
    START WITH 1
    INCREMENT BY 1
    NO MINVALUE
    NO MAXVALUE
    CACHE 1;


ALTER SEQUENCE public.grades_id_seq OWNER TO postgres;

--
-- TOC entry 3401 (class 0 OID 0)
-- Dependencies: 223
-- Name: grades_id_seq; Type: SEQUENCE OWNED BY; Schema: public; Owner: postgres
--

ALTER SEQUENCE public.grades_id_seq OWNED BY public.grades.id;


--
-- TOC entry 216 (class 1259 OID 18657)
-- Name: groups; Type: TABLE; Schema: public; Owner: postgres
--

CREATE TABLE public.groups (
    id integer NOT NULL,
    name character varying(50) NOT NULL
);


ALTER TABLE public.groups OWNER TO postgres;

--
-- TOC entry 215 (class 1259 OID 18656)
-- Name: groups_id_seq; Type: SEQUENCE; Schema: public; Owner: postgres
--

CREATE SEQUENCE public.groups_id_seq
    AS integer
    START WITH 1
    INCREMENT BY 1
    NO MINVALUE
    NO MAXVALUE
    CACHE 1;


ALTER SEQUENCE public.groups_id_seq OWNER TO postgres;

--
-- TOC entry 3402 (class 0 OID 0)
-- Dependencies: 215
-- Name: groups_id_seq; Type: SEQUENCE OWNED BY; Schema: public; Owner: postgres
--

ALTER SEQUENCE public.groups_id_seq OWNED BY public.groups.id;


--
-- TOC entry 222 (class 1259 OID 18686)
-- Name: students; Type: TABLE; Schema: public; Owner: postgres
--

CREATE TABLE public.students (
    id integer NOT NULL,
    name character varying(100) NOT NULL,
    email character varying(100),
    group_id integer
);


ALTER TABLE public.students OWNER TO postgres;

--
-- TOC entry 221 (class 1259 OID 18685)
-- Name: students_id_seq; Type: SEQUENCE; Schema: public; Owner: postgres
--

CREATE SEQUENCE public.students_id_seq
    AS integer
    START WITH 1
    INCREMENT BY 1
    NO MINVALUE
    NO MAXVALUE
    CACHE 1;


ALTER SEQUENCE public.students_id_seq OWNER TO postgres;

--
-- TOC entry 3403 (class 0 OID 0)
-- Dependencies: 221
-- Name: students_id_seq; Type: SEQUENCE OWNED BY; Schema: public; Owner: postgres
--

ALTER SEQUENCE public.students_id_seq OWNED BY public.students.id;


--
-- TOC entry 220 (class 1259 OID 18674)
-- Name: subjects; Type: TABLE; Schema: public; Owner: postgres
--

CREATE TABLE public.subjects (
    id integer NOT NULL,
    name character varying(100) NOT NULL,
    teacher_id integer
);


ALTER TABLE public.subjects OWNER TO postgres;

--
-- TOC entry 219 (class 1259 OID 18673)
-- Name: subjects_id_seq; Type: SEQUENCE; Schema: public; Owner: postgres
--

CREATE SEQUENCE public.subjects_id_seq
    AS integer
    START WITH 1
    INCREMENT BY 1
    NO MINVALUE
    NO MAXVALUE
    CACHE 1;


ALTER SEQUENCE public.subjects_id_seq OWNER TO postgres;

--
-- TOC entry 3404 (class 0 OID 0)
-- Dependencies: 219
-- Name: subjects_id_seq; Type: SEQUENCE OWNED BY; Schema: public; Owner: postgres
--

ALTER SEQUENCE public.subjects_id_seq OWNED BY public.subjects.id;


--
-- TOC entry 218 (class 1259 OID 18664)
-- Name: teachers; Type: TABLE; Schema: public; Owner: postgres
--

CREATE TABLE public.teachers (
    id integer NOT NULL,
    name character varying(100) NOT NULL
);


ALTER TABLE public.teachers OWNER TO postgres;

--
-- TOC entry 217 (class 1259 OID 18663)
-- Name: teachers_id_seq; Type: SEQUENCE; Schema: public; Owner: postgres
--

CREATE SEQUENCE public.teachers_id_seq
    AS integer
    START WITH 1
    INCREMENT BY 1
    NO MINVALUE
    NO MAXVALUE
    CACHE 1;


ALTER SEQUENCE public.teachers_id_seq OWNER TO postgres;

--
-- TOC entry 3405 (class 0 OID 0)
-- Dependencies: 217
-- Name: teachers_id_seq; Type: SEQUENCE OWNED BY; Schema: public; Owner: postgres
--

ALTER SEQUENCE public.teachers_id_seq OWNED BY public.teachers.id;


--
-- TOC entry 3227 (class 2604 OID 18701)
-- Name: grades id; Type: DEFAULT; Schema: public; Owner: postgres
--

ALTER TABLE ONLY public.grades ALTER COLUMN id SET DEFAULT nextval('public.grades_id_seq'::regclass);


--
-- TOC entry 3223 (class 2604 OID 18660)
-- Name: groups id; Type: DEFAULT; Schema: public; Owner: postgres
--

ALTER TABLE ONLY public.groups ALTER COLUMN id SET DEFAULT nextval('public.groups_id_seq'::regclass);


--
-- TOC entry 3226 (class 2604 OID 18689)
-- Name: students id; Type: DEFAULT; Schema: public; Owner: postgres
--

ALTER TABLE ONLY public.students ALTER COLUMN id SET DEFAULT nextval('public.students_id_seq'::regclass);


--
-- TOC entry 3225 (class 2604 OID 18677)
-- Name: subjects id; Type: DEFAULT; Schema: public; Owner: postgres
--

ALTER TABLE ONLY public.subjects ALTER COLUMN id SET DEFAULT nextval('public.subjects_id_seq'::regclass);


--
-- TOC entry 3224 (class 2604 OID 18667)
-- Name: teachers id; Type: DEFAULT; Schema: public; Owner: postgres
--

ALTER TABLE ONLY public.teachers ALTER COLUMN id SET DEFAULT nextval('public.teachers_id_seq'::regclass);


--
-- TOC entry 3395 (class 0 OID 18698)
-- Dependencies: 224
-- Data for Name: grades; Type: TABLE DATA; Schema: public; Owner: postgres
--

COPY public.grades (id, student_id, subject_id, grade, grade_date) FROM stdin;
1	1	1	89	1996-10-15
2	1	2	4	2003-04-17
3	1	3	85	1990-11-11
4	1	4	3	1999-12-25
5	1	5	63	2019-02-12
6	1	6	25	2000-11-18
7	1	7	10	2008-03-23
8	1	8	18	1997-09-04
9	2	1	95	2014-12-10
10	2	2	42	2015-06-16
11	2	3	94	1995-01-20
12	2	4	38	1987-10-03
13	2	5	6	1985-01-02
14	2	6	93	1974-07-21
15	2	7	78	2013-01-07
16	2	8	21	2012-06-08
17	3	1	56	1995-10-19
18	3	2	74	1986-02-01
19	3	3	50	2005-09-22
20	3	4	20	1993-05-24
21	3	5	69	1981-10-25
22	3	6	47	1982-01-10
23	3	7	53	1996-02-01
24	3	8	36	1983-12-06
25	4	1	94	2001-09-06
26	4	2	63	1988-02-22
27	4	3	71	1970-01-26
28	4	4	70	2018-05-18
29	4	5	75	1990-11-29
30	4	6	84	1989-07-02
31	4	7	2	1990-09-20
32	4	8	39	1995-08-16
33	5	1	95	1981-07-29
34	5	2	80	2023-04-24
35	5	3	47	2020-08-17
36	5	4	33	1972-04-18
37	5	5	3	1977-12-13
38	5	6	37	2003-01-03
39	5	7	86	2020-04-24
40	5	8	61	2016-11-05
41	6	1	48	2008-04-25
42	6	2	81	1991-08-10
43	6	3	70	1982-10-31
44	6	4	22	1973-01-30
45	6	5	93	2014-09-08
46	6	6	55	2011-10-11
47	6	7	93	1995-08-16
48	6	8	59	2008-09-23
49	7	1	65	1975-11-14
50	7	2	30	1982-02-03
51	7	3	40	2019-07-05
52	7	4	47	1979-06-29
53	7	5	88	1994-10-08
54	7	6	95	2017-11-12
55	7	7	87	1970-10-05
56	7	8	90	2014-06-13
57	8	1	9	2006-11-05
58	8	2	59	2001-12-09
59	8	3	5	2015-11-04
60	8	4	80	1985-11-19
61	8	5	86	2020-05-23
62	8	6	41	2014-05-09
63	8	7	61	1984-07-15
64	8	8	14	2010-07-14
65	9	1	6	2011-07-16
66	9	2	31	2000-08-16
67	9	3	73	2019-04-25
68	9	4	55	2019-08-22
69	9	5	21	2008-01-06
70	9	6	96	2022-02-21
71	9	7	14	1983-05-15
72	9	8	41	1977-07-31
73	10	1	83	1971-07-04
74	10	2	18	2013-01-05
75	10	3	45	1982-03-29
76	10	4	46	1982-01-23
77	10	5	28	1988-12-27
78	10	6	6	2017-04-25
79	10	7	88	2005-11-19
80	10	8	77	1992-10-13
81	11	1	65	1998-01-22
82	11	2	46	1989-11-03
83	11	3	0	2006-04-18
84	11	4	62	2017-03-15
85	11	5	80	2021-12-26
86	11	6	72	2024-04-10
87	11	7	21	2021-12-25
88	11	8	31	2004-03-06
89	12	1	99	1991-05-07
90	12	2	40	2016-01-11
91	12	3	54	1976-09-10
92	12	4	99	2008-10-30
93	12	5	15	1978-07-16
94	12	6	26	2006-07-15
95	12	7	15	2011-02-27
96	12	8	50	1987-01-13
97	13	1	76	1992-08-17
98	13	2	73	1974-07-07
99	13	3	72	2006-04-12
100	13	4	55	2001-12-19
101	13	5	10	2023-05-24
102	13	6	19	2019-08-24
103	13	7	72	1998-11-16
104	13	8	5	2002-03-27
105	14	1	21	1979-08-18
106	14	2	65	1976-09-13
107	14	3	44	2012-03-02
108	14	4	24	1984-05-31
109	14	5	99	2020-02-04
110	14	6	65	2006-03-09
111	14	7	36	2017-04-13
112	14	8	50	1995-02-09
113	15	1	69	1970-12-02
114	15	2	95	1976-03-27
115	15	3	0	2010-11-18
116	15	4	52	2013-09-20
117	15	5	37	1981-03-25
118	15	6	97	1993-06-09
119	15	7	72	1982-10-06
120	15	8	66	2016-10-05
121	16	1	21	1984-09-30
122	16	2	53	1998-05-19
123	16	3	8	1997-05-01
124	16	4	69	2010-01-05
125	16	5	41	2019-05-04
126	16	6	89	2001-02-04
127	16	7	67	1981-11-12
128	16	8	65	1971-11-02
129	17	1	87	1979-07-05
130	17	2	51	2023-11-12
131	17	3	92	1990-01-28
132	17	4	87	2021-02-18
133	17	5	85	2017-10-25
134	17	6	27	2018-12-19
135	17	7	88	1971-03-28
136	17	8	74	1973-03-01
137	18	1	38	1984-11-13
138	18	2	24	1987-05-02
139	18	3	4	1984-08-10
140	18	4	96	2001-02-27
141	18	5	1	1997-03-24
142	18	6	55	1995-05-02
143	18	7	11	1978-04-03
144	18	8	2	1972-10-07
145	19	1	10	2013-04-30
146	19	2	56	1999-03-31
147	19	3	23	2023-11-19
148	19	4	6	2021-02-15
149	19	5	72	1976-08-04
150	19	6	41	2001-07-18
151	19	7	34	1977-12-02
152	19	8	61	2006-09-11
153	20	1	40	1971-05-25
154	20	2	34	2004-12-05
155	20	3	21	2023-10-26
156	20	4	84	1999-10-09
157	20	5	37	2013-04-12
158	20	6	11	1993-05-25
159	20	7	29	1971-04-27
160	20	8	4	2010-10-25
161	21	1	70	2016-02-19
162	21	2	65	2015-03-25
163	21	3	66	1987-03-28
164	21	4	15	1973-02-10
165	21	5	68	2015-05-07
166	21	6	56	2012-10-27
167	21	7	46	2011-04-30
168	21	8	16	1972-09-05
169	22	1	37	1985-09-28
170	22	2	94	2011-11-25
171	22	3	20	1983-04-21
172	22	4	63	2006-02-28
173	22	5	80	2017-07-14
174	22	6	18	1976-10-21
175	22	7	42	1984-06-20
176	22	8	30	1982-07-10
177	23	1	70	1986-09-24
178	23	2	48	1982-06-21
179	23	3	43	1979-09-15
180	23	4	26	2014-11-10
181	23	5	81	1972-07-12
182	23	6	46	1971-09-19
183	23	7	34	2015-03-10
184	23	8	95	2013-03-31
185	24	1	94	1987-03-15
186	24	2	37	1998-07-22
187	24	3	30	2002-09-12
188	24	4	12	1977-10-01
189	24	5	94	2010-03-06
190	24	6	81	1991-11-13
191	24	7	5	1981-09-15
192	24	8	67	2016-04-28
193	25	1	60	2001-09-20
194	25	2	85	2001-09-29
195	25	3	6	2018-08-24
196	25	4	41	1984-01-31
197	25	5	22	2018-06-04
198	25	6	93	2004-08-10
199	25	7	10	2022-07-22
200	25	8	40	1984-04-20
201	26	1	67	2022-06-02
202	26	2	78	2011-10-16
203	26	3	98	2020-08-26
204	26	4	74	2001-12-29
205	26	5	55	2008-02-29
206	26	6	44	1997-08-09
207	26	7	15	1976-05-20
208	26	8	53	2006-10-31
209	27	1	13	2003-04-07
210	27	2	84	2014-11-25
211	27	3	3	1988-07-16
212	27	4	53	2010-09-30
213	27	5	22	1985-03-16
214	27	6	62	2014-12-23
215	27	7	30	1990-07-06
216	27	8	69	1999-12-23
217	28	1	60	2019-05-13
218	28	2	45	1974-03-10
219	28	3	97	1986-05-20
220	28	4	66	1995-11-12
221	28	5	63	1992-08-28
222	28	6	38	2016-12-27
223	28	7	32	2014-01-25
224	28	8	61	2011-06-16
225	29	1	76	2014-12-09
226	29	2	58	1987-04-23
227	29	3	63	1982-06-18
228	29	4	91	1981-09-23
229	29	5	92	1996-03-10
230	29	6	67	2013-06-20
231	29	7	93	1995-08-29
232	29	8	13	1971-09-09
233	30	1	87	1974-11-20
234	30	2	5	1979-12-10
235	30	3	42	2024-04-21
236	30	4	60	1979-04-20
237	30	5	100	1991-09-24
238	30	6	90	2013-03-26
239	30	7	72	2023-02-02
240	30	8	37	1974-06-17
241	31	1	15	2018-01-26
242	31	2	99	1972-07-20
243	31	3	70	1991-02-04
244	31	4	27	1986-08-23
245	31	5	32	2019-02-19
246	31	6	13	1974-01-01
247	31	7	29	1971-08-15
248	31	8	67	2024-01-06
249	32	1	11	1979-07-16
250	32	2	54	2019-01-30
251	32	3	19	1989-07-27
252	32	4	26	1977-05-02
253	32	5	32	1974-10-26
254	32	6	22	1972-02-04
255	32	7	41	1991-09-21
256	32	8	35	1988-10-29
257	33	1	15	1996-03-20
258	33	2	0	2010-11-13
259	33	3	76	1984-08-09
260	33	4	92	1970-07-10
261	33	5	18	2006-10-19
262	33	6	18	1981-09-29
263	33	7	8	2014-01-17
264	33	8	76	1993-01-30
265	34	1	34	1995-06-10
266	34	2	52	1987-12-20
267	34	3	32	2007-10-28
268	34	4	31	1993-09-15
269	34	5	61	2000-11-21
270	34	6	40	2003-07-13
271	34	7	100	1998-02-16
272	34	8	25	1977-09-04
273	35	1	57	2015-04-12
274	35	2	80	2004-04-30
275	35	3	46	1996-11-19
276	35	4	48	2021-11-21
277	35	5	8	2019-12-20
278	35	6	100	1995-05-21
279	35	7	57	1973-03-17
280	35	8	71	1986-10-20
281	36	1	56	2009-10-02
282	36	2	87	1987-11-25
283	36	3	25	2014-10-28
284	36	4	32	2019-07-01
285	36	5	77	1995-07-25
286	36	6	44	1991-01-14
287	36	7	78	1977-10-17
288	36	8	71	1995-03-27
289	37	1	100	2021-07-19
290	37	2	60	1981-11-29
291	37	3	76	1988-08-18
292	37	4	66	2014-07-04
293	37	5	48	1974-03-22
294	37	6	71	1999-04-26
295	37	7	45	2004-05-27
296	37	8	72	2014-07-13
297	38	1	81	1978-07-15
298	38	2	47	1996-06-03
299	38	3	50	2002-12-14
300	38	4	18	2002-07-29
301	38	5	41	2011-01-07
302	38	6	69	1978-10-25
303	38	7	86	2004-05-04
304	38	8	78	2015-03-26
305	39	1	88	1982-02-01
306	39	2	71	1984-08-03
307	39	3	14	1991-03-14
308	39	4	62	2019-05-21
309	39	5	72	2005-09-26
310	39	6	15	1981-04-11
311	39	7	59	2011-01-29
312	39	8	63	1981-07-20
313	40	1	67	2003-08-18
314	40	2	5	1981-12-20
315	40	3	83	1976-01-31
316	40	4	7	1975-05-10
317	40	5	64	2012-09-06
318	40	6	57	1976-04-24
319	40	7	14	1976-02-08
320	40	8	67	2011-06-12
321	41	1	8	1980-08-06
322	41	2	41	1988-08-02
323	41	3	96	1984-08-14
324	41	4	68	1996-08-11
325	41	5	26	2018-07-10
326	41	6	29	1978-06-10
327	41	7	28	2020-03-07
328	41	8	69	2022-02-25
329	42	1	71	1971-01-09
330	42	2	80	2004-06-15
331	42	3	33	2011-11-23
332	42	4	22	1974-08-30
333	42	5	25	2015-02-19
334	42	6	1	2022-09-05
335	42	7	44	1987-05-25
336	42	8	78	2013-06-25
337	43	1	74	1986-05-26
338	43	2	57	1978-12-27
339	43	3	81	1998-12-01
340	43	4	86	2017-02-04
341	43	5	19	1982-12-31
342	43	6	19	2019-11-15
343	43	7	40	1996-01-11
344	43	8	61	1987-01-19
345	44	1	67	1970-03-29
346	44	2	48	1991-02-07
347	44	3	99	1991-10-31
348	44	4	49	1976-05-09
349	44	5	61	1984-10-10
350	44	6	53	1987-04-11
351	44	7	0	2024-03-02
352	44	8	96	1984-01-11
353	45	1	38	2009-08-23
354	45	2	40	1975-08-30
355	45	3	60	1981-06-07
356	45	4	64	2004-10-28
357	45	5	37	1994-03-24
358	45	6	72	1987-01-21
359	45	7	42	2021-08-31
360	45	8	31	1994-01-19
361	46	1	31	2012-08-28
362	46	2	83	1977-01-02
363	46	3	87	2020-01-02
364	46	4	16	1991-10-23
365	46	5	87	1996-08-13
366	46	6	89	1990-02-24
367	46	7	88	1996-07-10
368	46	8	20	1992-06-05
369	47	1	26	1982-03-16
370	47	2	14	1995-10-01
371	47	3	29	1991-04-17
372	47	4	75	1990-09-02
373	47	5	47	1993-12-23
374	47	6	41	2017-03-11
375	47	7	25	1980-02-14
376	47	8	17	2019-07-23
377	48	1	77	2019-12-03
378	48	2	76	1973-09-28
379	48	3	35	2007-03-31
380	48	4	11	2006-04-26
381	48	5	91	2011-01-10
382	48	6	89	1988-01-07
383	48	7	13	1990-08-12
384	48	8	21	1982-04-20
385	49	1	39	2022-04-19
386	49	2	50	2020-02-24
387	49	3	97	2013-01-14
388	49	4	52	1999-12-22
389	49	5	20	1977-02-01
390	49	6	48	2016-01-05
391	49	7	24	1994-12-22
392	49	8	55	1994-09-20
393	50	1	8	2010-09-01
394	50	2	40	1997-08-30
395	50	3	57	1986-11-30
396	50	4	43	1973-02-23
397	50	5	30	1994-10-26
398	50	6	3	1987-03-10
399	50	7	63	1975-06-14
400	50	8	78	1980-06-22
401	1	1	59	1973-08-26
402	1	2	47	1987-04-24
403	1	3	47	2013-11-02
404	1	4	58	2006-09-13
405	1	5	56	1997-05-20
406	1	6	12	1983-04-07
407	1	7	70	1970-04-25
408	1	8	37	1998-08-28
409	1	9	20	2013-12-27
410	1	10	96	1982-04-20
411	1	11	14	2010-01-10
412	1	12	99	1972-01-13
413	1	13	29	2009-08-10
414	1	14	98	1988-10-04
415	1	15	69	2023-11-27
416	1	16	41	2015-08-23
417	2	1	94	2024-04-10
418	2	2	2	1986-11-03
419	2	3	44	1989-12-20
420	2	4	6	1984-12-09
421	2	5	37	2013-10-07
422	2	6	100	1982-05-25
423	2	7	15	2012-05-09
424	2	8	60	2010-01-02
425	2	9	100	2005-11-29
426	2	10	91	1986-11-13
427	2	11	99	1994-10-29
428	2	12	86	2023-03-13
429	2	13	21	1988-04-02
430	2	14	26	2002-01-07
431	2	15	9	1999-12-10
432	2	16	23	2005-02-10
433	3	1	84	2022-12-05
434	3	2	85	1997-02-16
435	3	3	100	1987-05-08
436	3	4	84	1992-10-26
437	3	5	50	1997-12-29
438	3	6	5	2010-01-21
439	3	7	100	2015-08-23
440	3	8	82	1987-02-01
441	3	9	65	2012-07-02
442	3	10	23	1998-06-05
443	3	11	34	1981-12-14
444	3	12	19	2023-04-02
445	3	13	22	1970-04-20
446	3	14	71	1989-10-24
447	3	15	58	2021-10-28
448	3	16	22	1985-06-26
449	4	1	0	1998-08-09
450	4	2	81	1980-11-24
451	4	3	19	2013-07-30
452	4	4	79	1983-04-24
453	4	5	74	2015-02-24
454	4	6	43	1980-05-09
455	4	7	0	2012-04-27
456	4	8	32	1998-11-14
457	4	9	85	1994-01-04
458	4	10	58	2019-11-06
459	4	11	39	2005-01-24
460	4	12	69	2009-05-28
461	4	13	39	1984-03-05
462	4	14	48	1970-12-14
463	4	15	72	2016-11-10
464	4	16	68	2019-01-29
465	5	1	65	2008-11-05
466	5	2	25	1992-11-22
467	5	3	80	2022-01-15
468	5	4	89	2000-08-15
469	5	5	56	2020-09-23
470	5	6	19	1980-07-10
471	5	7	86	1977-04-24
472	5	8	37	1992-11-26
473	5	9	48	1982-10-19
474	5	10	72	2008-11-01
475	5	11	68	1979-07-17
476	5	12	55	2015-06-20
477	5	13	70	2011-09-17
478	5	14	11	2003-05-27
479	5	15	8	2017-12-27
480	5	16	88	1971-06-13
481	6	1	8	2008-01-25
482	6	2	16	1995-09-08
483	6	3	52	1981-05-23
484	6	4	42	1987-02-13
485	6	5	94	2019-10-14
486	6	6	28	1971-06-11
487	6	7	93	2002-05-04
488	6	8	53	2010-03-28
489	6	9	41	2011-01-20
490	6	10	89	1971-09-17
491	6	11	82	2011-08-09
492	6	12	26	2001-10-28
493	6	13	36	2011-09-01
494	6	14	96	2022-04-28
495	6	15	91	2005-12-29
496	6	16	83	1996-06-06
497	7	1	94	1983-03-23
498	7	2	100	1997-06-03
499	7	3	37	1981-12-12
500	7	4	34	2022-02-26
501	7	5	5	2019-06-30
502	7	6	77	2015-06-30
503	7	7	50	1998-02-17
504	7	8	8	1994-06-10
505	7	9	86	1972-02-06
506	7	10	15	2020-12-24
507	7	11	6	1992-08-03
508	7	12	1	1995-11-27
509	7	13	64	1985-10-06
510	7	14	52	2016-12-07
511	7	15	96	1980-07-28
512	7	16	60	1971-11-28
513	8	1	22	1976-02-28
514	8	2	79	2014-08-08
515	8	3	13	1980-05-22
516	8	4	27	1995-01-24
517	8	5	13	2023-07-08
518	8	6	63	1983-06-01
519	8	7	48	2020-06-27
520	8	8	42	1994-01-23
521	8	9	91	1990-05-10
522	8	10	78	1991-03-27
523	8	11	61	2013-04-28
524	8	12	82	1981-08-16
525	8	13	52	2001-08-15
526	8	14	81	1997-08-30
527	8	15	28	1987-06-27
528	8	16	21	2009-02-25
529	9	1	28	2021-02-27
530	9	2	8	2021-05-10
531	9	3	86	1980-11-15
532	9	4	16	2021-11-09
533	9	5	49	2006-02-16
534	9	6	19	1984-05-18
535	9	7	42	1980-11-25
536	9	8	35	2023-09-09
537	9	9	79	2003-01-07
538	9	10	97	1995-01-09
539	9	11	63	1975-08-30
540	9	12	11	1991-10-26
541	9	13	99	1973-09-18
542	9	14	13	1983-11-19
543	9	15	43	2017-12-10
544	9	16	39	2009-04-19
545	10	1	58	2004-01-03
546	10	2	13	2012-12-28
547	10	3	20	2014-10-05
548	10	4	34	1991-03-15
549	10	5	7	2022-10-28
550	10	6	21	1977-11-07
551	10	7	59	1987-11-30
552	10	8	27	2012-12-04
553	10	9	68	1982-07-16
554	10	10	91	2022-02-20
555	10	11	7	1985-12-04
556	10	12	33	1984-05-16
557	10	13	100	2012-07-04
558	10	14	45	2009-01-06
559	10	15	47	2005-04-30
560	10	16	11	2006-09-14
561	11	1	61	2011-05-20
562	11	2	63	1981-04-25
563	11	3	98	1974-04-12
564	11	4	20	1999-01-30
565	11	5	2	2023-07-23
566	11	6	46	2019-11-02
567	11	7	19	1999-05-13
568	11	8	12	2004-08-23
569	11	9	50	1973-01-11
570	11	10	21	2014-10-20
571	11	11	24	1972-09-09
572	11	12	84	1990-03-14
573	11	13	57	2011-09-17
574	11	14	20	1994-03-21
575	11	15	86	1986-02-20
576	11	16	38	1995-10-19
577	12	1	79	1993-08-02
578	12	2	20	1971-11-08
579	12	3	70	2010-10-21
580	12	4	80	1992-08-09
581	12	5	51	1976-09-08
582	12	6	10	1986-03-20
583	12	7	74	2023-10-31
584	12	8	37	1975-04-19
585	12	9	47	2008-09-10
586	12	10	69	2006-07-06
587	12	11	14	2006-06-17
588	12	12	84	2013-03-08
589	12	13	86	1999-10-15
590	12	14	26	1976-07-13
591	12	15	34	1997-12-02
592	12	16	91	1972-03-08
593	13	1	73	2000-06-12
594	13	2	99	2022-09-29
595	13	3	28	1995-08-17
596	13	4	62	2016-07-19
597	13	5	46	2007-06-20
598	13	6	44	1979-08-09
599	13	7	95	2011-05-18
600	13	8	23	2013-04-12
601	13	9	32	2004-07-17
602	13	10	25	2010-12-20
603	13	11	12	1980-09-25
604	13	12	99	1993-09-30
605	13	13	15	1980-07-30
606	13	14	30	2009-06-02
607	13	15	27	2023-01-22
608	13	16	11	1982-01-01
609	14	1	35	2005-04-27
610	14	2	13	1977-10-23
611	14	3	66	1984-06-01
612	14	4	83	1984-10-22
613	14	5	79	2007-03-20
614	14	6	79	2017-08-15
615	14	7	51	2007-03-16
616	14	8	47	1984-06-10
617	14	9	89	1987-02-12
618	14	10	38	2017-12-03
619	14	11	25	2014-04-12
620	14	12	43	1979-08-25
621	14	13	67	2011-06-12
622	14	14	20	2015-11-22
623	14	15	11	1993-08-15
624	14	16	96	2017-05-14
625	15	1	4	1997-08-03
626	15	2	68	2023-08-20
627	15	3	0	1984-03-23
628	15	4	60	1976-06-06
629	15	5	37	2021-10-16
630	15	6	36	1987-07-02
631	15	7	84	1985-12-26
632	15	8	90	1995-09-18
633	15	9	95	1985-08-13
634	15	10	79	1976-06-19
635	15	11	15	1998-10-05
636	15	12	32	1992-08-30
637	15	13	28	1971-07-03
638	15	14	97	2016-01-10
639	15	15	1	2019-07-28
640	15	16	66	1972-02-29
641	16	1	34	2016-06-27
642	16	2	43	1977-06-21
643	16	3	22	2004-10-25
644	16	4	35	1972-02-20
645	16	5	72	1981-12-10
646	16	6	24	2005-06-21
647	16	7	93	1988-01-10
648	16	8	28	2002-11-22
649	16	9	14	2013-05-22
650	16	10	30	1973-07-13
651	16	11	46	2020-11-25
652	16	12	57	2021-08-21
653	16	13	92	2003-05-05
654	16	14	0	2016-11-09
655	16	15	64	1987-08-16
656	16	16	2	2007-09-09
657	17	1	67	1984-09-04
658	17	2	70	2011-07-03
659	17	3	99	2006-06-10
660	17	4	13	1977-11-09
661	17	5	28	1973-08-07
662	17	6	69	1975-07-02
663	17	7	37	2019-10-08
664	17	8	86	2015-07-15
665	17	9	82	1978-09-20
666	17	10	89	1999-09-05
667	17	11	56	1976-12-12
668	17	12	14	2018-10-05
669	17	13	51	2009-09-08
670	17	14	3	1977-06-16
671	17	15	39	1988-12-14
672	17	16	39	2000-07-02
673	18	1	67	2007-04-05
674	18	2	77	1996-02-29
675	18	3	26	2008-07-15
676	18	4	19	2011-04-04
677	18	5	21	1976-02-26
678	18	6	17	2019-11-21
679	18	7	8	1983-12-15
680	18	8	99	2015-04-01
681	18	9	38	2018-03-27
682	18	10	29	2013-10-09
683	18	11	98	2023-05-01
684	18	12	41	2008-09-17
685	18	13	30	2004-02-21
686	18	14	93	2020-07-15
687	18	15	100	2011-03-17
688	18	16	14	2023-03-18
689	19	1	40	1979-08-05
690	19	2	51	1997-03-14
691	19	3	21	2013-04-29
692	19	4	100	1992-04-14
693	19	5	93	1987-03-17
694	19	6	51	1995-08-31
695	19	7	65	1993-01-02
696	19	8	77	1992-06-02
697	19	9	31	1992-03-10
698	19	10	26	1972-01-30
699	19	11	98	2011-01-05
700	19	12	3	1970-06-28
701	19	13	33	1990-11-17
702	19	14	60	1994-02-03
703	19	15	92	2014-08-04
704	19	16	73	2020-04-30
705	20	1	58	2011-12-20
706	20	2	17	2010-07-24
707	20	3	96	2000-02-26
708	20	4	49	1974-03-27
709	20	5	90	2016-03-03
710	20	6	32	2007-05-16
711	20	7	6	2020-10-24
712	20	8	91	2009-11-21
713	20	9	1	1990-03-02
714	20	10	5	1999-12-11
715	20	11	94	1978-08-01
716	20	12	2	1980-03-28
717	20	13	87	2023-05-20
718	20	14	52	2021-06-02
719	20	15	28	1980-02-02
720	20	16	68	1981-03-24
721	21	1	35	2006-06-08
722	21	2	40	2015-11-01
723	21	3	52	1989-08-23
724	21	4	73	1987-01-07
725	21	5	82	1991-03-26
726	21	6	49	2001-04-29
727	21	7	9	2003-04-03
728	21	8	13	1992-03-19
729	21	9	78	2021-07-31
730	21	10	18	1994-01-08
731	21	11	9	1975-05-31
732	21	12	16	1991-02-18
733	21	13	48	1996-04-05
734	21	14	14	2019-12-14
735	21	15	30	1999-07-18
736	21	16	11	1972-05-06
737	22	1	84	1975-03-20
738	22	2	87	2008-05-27
739	22	3	70	1978-06-07
740	22	4	73	1990-11-30
741	22	5	30	2020-11-13
742	22	6	92	2020-08-13
743	22	7	0	1998-04-16
744	22	8	50	2015-08-30
745	22	9	65	1994-09-28
746	22	10	81	1992-06-06
747	22	11	34	1970-01-20
748	22	12	16	2020-12-11
749	22	13	76	2006-09-14
750	22	14	44	2002-07-21
751	22	15	44	2017-08-17
752	22	16	68	1975-03-17
753	23	1	54	2013-08-19
754	23	2	61	2003-05-13
755	23	3	98	1991-06-13
756	23	4	91	1981-06-15
757	23	5	47	2020-02-22
758	23	6	90	1980-10-14
759	23	7	22	1999-07-23
760	23	8	97	1978-06-03
761	23	9	2	1983-03-06
762	23	10	43	2011-09-24
763	23	11	45	1974-04-14
764	23	12	42	1980-05-04
765	23	13	0	1973-05-26
766	23	14	64	2013-07-22
767	23	15	55	1980-06-25
768	23	16	72	2020-04-29
769	24	1	5	1992-10-31
770	24	2	28	1970-01-05
771	24	3	72	1983-03-20
772	24	4	83	1986-09-05
773	24	5	63	1978-04-05
774	24	6	41	2009-07-14
775	24	7	1	2001-03-11
776	24	8	93	2005-11-19
777	24	9	51	1998-11-12
778	24	10	28	1987-07-02
779	24	11	79	2011-05-31
780	24	12	4	2011-02-20
781	24	13	32	1998-11-07
782	24	14	81	1978-02-26
783	24	15	57	1999-09-20
784	24	16	50	2017-07-20
785	25	1	45	2015-02-09
786	25	2	38	1976-09-15
787	25	3	21	2007-07-08
788	25	4	95	1990-05-16
789	25	5	14	2003-12-29
790	25	6	13	1988-10-19
791	25	7	77	2013-12-08
792	25	8	7	1979-09-19
793	25	9	79	2003-02-12
794	25	10	1	2016-12-05
795	25	11	60	1997-03-15
796	25	12	98	2002-11-21
797	25	13	31	2015-11-12
798	25	14	24	1971-05-22
799	25	15	27	1983-08-31
800	25	16	76	1975-01-13
801	26	1	20	1984-09-16
802	26	2	56	1986-01-31
803	26	3	67	1976-04-16
804	26	4	59	1997-07-21
805	26	5	2	2019-11-03
806	26	6	31	2016-04-25
807	26	7	23	2000-11-24
808	26	8	49	1991-05-01
809	26	9	9	2002-05-26
810	26	10	74	1974-05-08
811	26	11	44	2007-10-14
812	26	12	7	2003-01-25
813	26	13	30	2018-01-26
814	26	14	24	1973-11-28
815	26	15	16	2003-07-10
816	26	16	86	1995-10-27
817	27	1	29	1990-09-18
818	27	2	80	2012-02-15
819	27	3	45	2014-01-16
820	27	4	44	2021-09-08
821	27	5	13	1997-09-04
822	27	6	57	1998-09-27
823	27	7	80	1977-08-11
824	27	8	59	1970-04-13
825	27	9	50	2014-12-13
826	27	10	19	1975-08-06
827	27	11	80	1971-06-13
828	27	12	74	2017-11-09
829	27	13	49	1993-10-12
830	27	14	32	2022-10-18
831	27	15	93	1985-06-12
832	27	16	30	1989-08-15
833	28	1	3	1971-09-10
834	28	2	93	1974-10-27
835	28	3	3	2001-11-28
836	28	4	76	2020-07-26
837	28	5	99	2016-04-21
838	28	6	25	2007-06-16
839	28	7	42	1997-08-01
840	28	8	19	2008-05-07
841	28	9	0	1974-01-01
842	28	10	98	2012-08-06
843	28	11	50	1991-09-01
844	28	12	74	2010-09-01
845	28	13	25	1989-11-18
846	28	14	100	2003-08-10
847	28	15	42	1978-07-22
848	28	16	100	1985-09-06
849	29	1	17	1989-02-12
850	29	2	43	1989-08-07
851	29	3	76	1993-10-04
852	29	4	93	2017-09-29
853	29	5	43	1987-06-16
854	29	6	60	1996-02-09
855	29	7	88	2017-07-23
856	29	8	36	2002-11-13
857	29	9	23	1990-05-06
858	29	10	74	1978-07-21
859	29	11	24	1999-11-29
860	29	12	56	2018-12-16
861	29	13	3	2001-09-07
862	29	14	94	1991-05-03
863	29	15	76	2004-05-07
864	29	16	76	1986-01-25
865	30	1	96	2018-07-21
866	30	2	88	1972-03-28
867	30	3	16	2004-01-01
868	30	4	56	2014-04-01
869	30	5	34	1979-04-27
870	30	6	91	2010-06-30
871	30	7	48	2000-12-11
872	30	8	13	1977-08-04
873	30	9	55	2007-10-07
874	30	10	3	1992-03-21
875	30	11	31	1976-08-07
876	30	12	74	2009-10-28
877	30	13	100	2002-06-22
878	30	14	96	2023-03-16
879	30	15	78	2013-06-02
880	30	16	84	2002-03-18
881	31	1	95	2007-12-30
882	31	2	34	1973-03-11
883	31	3	90	2019-01-30
884	31	4	24	1978-03-09
885	31	5	32	1991-07-12
886	31	6	68	2013-09-15
887	31	7	92	2020-01-18
888	31	8	63	1984-07-13
889	31	9	75	2017-10-09
890	31	10	60	2011-11-02
891	31	11	58	1987-03-31
892	31	12	28	1972-12-22
893	31	13	76	1997-01-24
894	31	14	70	2010-09-08
895	31	15	27	1983-10-21
896	31	16	71	1984-05-27
897	32	1	1	2012-08-08
898	32	2	71	2011-05-31
899	32	3	70	1995-01-22
900	32	4	94	1985-07-14
901	32	5	24	2014-03-07
902	32	6	90	2021-07-08
903	32	7	27	1986-08-26
904	32	8	6	1982-06-04
905	32	9	71	2005-11-21
906	32	10	93	1971-08-28
907	32	11	52	2015-09-20
908	32	12	60	2000-03-27
909	32	13	100	2022-03-26
910	32	14	57	2006-07-10
911	32	15	65	2023-12-25
912	32	16	97	1980-08-14
913	33	1	30	2006-09-25
914	33	2	23	2012-11-19
915	33	3	8	1979-12-03
916	33	4	53	1988-11-29
917	33	5	49	2013-06-05
918	33	6	46	2005-05-10
919	33	7	92	2013-04-01
920	33	8	99	1991-04-12
921	33	9	21	1995-07-18
922	33	10	13	2020-12-26
923	33	11	19	1985-05-29
924	33	12	23	2003-01-25
925	33	13	19	1975-03-02
926	33	14	44	2017-07-04
927	33	15	38	1974-03-19
928	33	16	42	1974-11-16
929	34	1	62	2013-06-23
930	34	2	22	1992-10-06
931	34	3	28	1978-05-30
932	34	4	38	1978-02-03
933	34	5	12	2023-07-27
934	34	6	55	1999-03-09
935	34	7	11	1992-01-18
936	34	8	40	1984-07-07
937	34	9	48	1988-05-17
938	34	10	12	1979-12-31
939	34	11	32	1971-12-31
940	34	12	32	2021-01-25
941	34	13	30	2021-06-12
942	34	14	80	1994-07-03
943	34	15	5	1972-01-09
944	34	16	7	2019-02-08
945	35	1	91	2023-09-03
946	35	2	59	2000-07-16
947	35	3	50	2012-09-14
948	35	4	3	2018-04-10
949	35	5	39	2005-10-15
950	35	6	84	1978-08-14
951	35	7	46	2009-01-14
952	35	8	58	1997-03-01
953	35	9	14	1987-06-28
954	35	10	79	2013-09-10
955	35	11	13	2011-07-21
956	35	12	19	1983-06-22
957	35	13	94	2016-04-10
958	35	14	36	1977-06-04
959	35	15	14	1995-11-04
960	35	16	26	2018-03-24
961	36	1	1	2002-10-27
962	36	2	26	1998-05-05
963	36	3	70	1993-03-30
964	36	4	81	2007-03-05
965	36	5	5	1976-01-27
966	36	6	27	1999-12-28
967	36	7	32	1976-02-12
968	36	8	23	2005-10-04
969	36	9	19	2009-03-22
970	36	10	88	1993-02-02
971	36	11	31	1976-09-27
972	36	12	61	1991-09-24
973	36	13	22	1996-03-13
974	36	14	16	2001-11-09
975	36	15	75	1976-11-08
976	36	16	31	2002-08-23
977	37	1	6	1992-12-24
978	37	2	57	2005-09-04
979	37	3	18	1987-09-14
980	37	4	100	2014-01-14
981	37	5	65	1972-09-17
982	37	6	59	1999-06-16
983	37	7	75	1981-05-13
984	37	8	71	2002-05-21
985	37	9	54	2021-05-29
986	37	10	53	2011-06-16
987	37	11	86	1979-04-11
988	37	12	80	1990-11-14
989	37	13	95	1991-07-12
990	37	14	43	2003-02-21
991	37	15	96	1995-07-13
992	37	16	8	1994-05-13
993	38	1	10	2013-12-15
994	38	2	88	1996-01-28
995	38	3	11	1988-08-15
996	38	4	0	2013-09-02
997	38	5	98	2010-07-11
998	38	6	93	1970-01-23
999	38	7	19	2015-02-23
1000	38	8	73	2019-07-21
1001	38	9	66	1996-01-15
1002	38	10	79	1993-01-16
1003	38	11	86	2013-09-27
1004	38	12	91	2011-02-17
1005	38	13	78	1972-01-20
1006	38	14	75	1977-12-16
1007	38	15	52	2024-02-18
1008	38	16	39	2014-01-09
1009	39	1	59	2007-05-26
1010	39	2	0	2011-06-23
1011	39	3	91	2012-10-02
1012	39	4	16	2017-11-28
1013	39	5	15	1986-12-15
1014	39	6	66	1999-03-11
1015	39	7	66	1970-09-25
1016	39	8	20	2010-10-30
1017	39	9	54	2020-01-14
1018	39	10	60	1979-02-09
1019	39	11	7	2017-05-18
1020	39	12	15	1983-01-04
1021	39	13	1	1973-12-07
1022	39	14	83	2020-07-12
1023	39	15	80	2004-04-29
1024	39	16	100	1987-09-22
1025	40	1	52	1970-10-13
1026	40	2	45	1977-06-24
1027	40	3	77	1981-12-18
1028	40	4	38	1970-10-17
1029	40	5	21	2001-12-09
1030	40	6	13	1981-08-28
1031	40	7	48	1992-01-25
1032	40	8	25	1996-04-11
1033	40	9	12	1997-05-24
1034	40	10	45	1980-09-16
1035	40	11	3	1995-05-23
1036	40	12	64	1992-05-10
1037	40	13	75	2010-03-18
1038	40	14	83	1984-07-28
1039	40	15	99	1988-05-08
1040	40	16	73	2005-09-03
1041	41	1	62	1985-06-12
1042	41	2	72	1989-12-12
1043	41	3	55	1977-02-14
1044	41	4	0	1987-09-24
1045	41	5	94	2021-10-23
1046	41	6	34	1995-12-01
1047	41	7	4	1979-08-29
1048	41	8	30	1988-01-11
1049	41	9	87	2010-10-24
1050	41	10	56	2000-12-10
1051	41	11	15	2016-06-24
1052	41	12	47	1978-03-26
1053	41	13	90	1974-12-29
1054	41	14	48	1975-05-01
1055	41	15	89	1971-07-15
1056	41	16	94	2010-01-26
1057	42	1	60	1986-05-30
1058	42	2	96	1972-11-27
1059	42	3	82	1984-01-22
1060	42	4	17	2017-06-23
1061	42	5	14	2002-11-10
1062	42	6	35	2007-05-16
1063	42	7	59	2021-01-02
1064	42	8	79	1977-01-15
1065	42	9	41	1973-08-04
1066	42	10	15	1981-11-08
1067	42	11	21	1972-12-29
1068	42	12	40	2017-01-01
1069	42	13	46	2024-02-26
1070	42	14	6	2023-03-24
1071	42	15	10	2012-07-30
1072	42	16	32	1994-07-28
1073	43	1	68	1989-07-15
1074	43	2	41	1991-03-13
1075	43	3	14	2001-02-19
1076	43	4	72	1994-06-12
1077	43	5	17	2007-04-24
1078	43	6	7	1976-05-31
1079	43	7	87	2002-04-24
1080	43	8	80	2012-01-23
1081	43	9	43	2004-03-13
1082	43	10	53	1973-10-04
1083	43	11	25	1970-06-23
1084	43	12	46	2013-03-07
1085	43	13	29	2000-03-14
1086	43	14	72	2016-06-28
1087	43	15	61	1974-08-05
1088	43	16	21	2001-12-14
1089	44	1	62	2019-04-02
1090	44	2	90	2020-03-26
1091	44	3	58	2014-10-31
1092	44	4	79	2017-12-14
1093	44	5	2	1979-08-21
1094	44	6	53	1991-06-17
1095	44	7	35	1985-08-07
1096	44	8	37	1981-08-25
1097	44	9	34	1971-06-06
1098	44	10	11	2021-08-04
1099	44	11	33	1980-12-08
1100	44	12	38	1991-08-16
1101	44	13	21	1973-08-21
1102	44	14	60	2018-12-24
1103	44	15	58	2005-04-22
1104	44	16	42	2014-11-05
1105	45	1	11	1982-08-20
1106	45	2	79	2006-02-09
1107	45	3	38	2015-10-16
1108	45	4	48	2014-07-28
1109	45	5	69	2015-06-27
1110	45	6	52	1973-09-25
1111	45	7	42	1991-03-02
1112	45	8	45	1978-10-29
1113	45	9	49	1992-05-22
1114	45	10	12	1999-08-23
1115	45	11	25	1995-11-04
1116	45	12	19	1991-01-31
1117	45	13	26	2001-07-13
1118	45	14	30	1971-11-06
1119	45	15	90	2004-05-02
1120	45	16	70	1989-08-24
1121	46	1	30	1984-11-27
1122	46	2	8	1994-02-27
1123	46	3	37	2016-11-02
1124	46	4	67	2011-01-08
1125	46	5	56	1976-05-24
1126	46	6	60	1981-12-19
1127	46	7	77	1979-04-21
1128	46	8	71	1987-07-09
1129	46	9	77	2003-04-03
1130	46	10	18	1980-02-07
1131	46	11	29	1988-06-08
1132	46	12	84	2014-02-14
1133	46	13	9	2011-09-16
1134	46	14	1	2020-08-05
1135	46	15	11	1974-06-11
1136	46	16	15	1979-07-29
1137	47	1	46	1972-04-16
1138	47	2	73	1984-05-08
1139	47	3	51	1985-10-10
1140	47	4	4	2017-12-07
1141	47	5	98	1993-11-19
1142	47	6	38	1989-07-27
1143	47	7	9	1988-04-08
1144	47	8	96	1971-03-27
1145	47	9	31	1973-03-17
1146	47	10	87	1974-05-09
1147	47	11	12	2003-06-20
1148	47	12	84	2021-01-12
1149	47	13	14	1990-01-24
1150	47	14	81	2021-05-25
1151	47	15	81	2012-10-22
1152	47	16	52	1975-07-17
1153	48	1	52	2023-08-17
1154	48	2	55	2021-08-31
1155	48	3	45	2001-04-21
1156	48	4	22	1983-01-26
1157	48	5	22	1997-11-03
1158	48	6	31	1997-09-18
1159	48	7	73	1995-09-15
1160	48	8	24	1982-12-20
1161	48	9	14	1992-09-15
1162	48	10	46	1994-10-13
1163	48	11	12	2015-03-16
1164	48	12	60	2010-06-01
1165	48	13	56	2016-11-20
1166	48	14	99	2015-07-12
1167	48	15	16	1973-04-11
1168	48	16	91	1998-11-02
1169	49	1	45	2012-08-22
1170	49	2	58	2018-08-26
1171	49	3	30	1976-02-10
1172	49	4	96	1991-04-03
1173	49	5	22	2013-02-27
1174	49	6	1	1996-08-04
1175	49	7	85	2001-03-03
1176	49	8	25	1970-03-31
1177	49	9	73	1984-08-09
1178	49	10	91	2014-07-30
1179	49	11	41	1982-05-01
1180	49	12	87	2016-10-24
1181	49	13	64	2010-05-31
1182	49	14	58	1970-04-16
1183	49	15	67	1985-03-06
1184	49	16	22	1971-09-18
1185	50	1	30	1977-04-17
1186	50	2	36	1992-01-31
1187	50	3	73	1971-09-28
1188	50	4	67	2016-02-04
1189	50	5	7	2014-02-07
1190	50	6	76	1987-05-16
1191	50	7	38	1988-01-04
1192	50	8	87	1981-05-11
1193	50	9	6	1990-05-03
1194	50	10	17	1987-02-01
1195	50	11	23	1986-04-25
1196	50	12	29	2004-04-21
1197	50	13	68	1994-12-20
1198	50	14	93	2003-11-23
1199	50	15	10	2014-01-04
1200	50	16	14	1977-01-19
1201	51	1	34	1994-09-03
1202	51	2	35	2011-07-04
1203	51	3	24	2015-03-18
1204	51	4	100	1976-05-08
1205	51	5	34	2009-08-31
1206	51	6	25	2019-03-18
1207	51	7	78	2016-12-07
1208	51	8	57	1998-05-31
1209	51	9	47	2011-10-09
1210	51	10	30	1971-11-05
1211	51	11	71	1999-03-18
1212	51	12	64	2021-12-17
1213	51	13	44	1983-08-01
1214	51	14	72	2003-04-01
1215	51	15	93	1990-04-13
1216	51	16	31	1991-04-02
1217	52	1	11	1990-03-31
1218	52	2	79	1976-08-14
1219	52	3	54	2006-09-29
1220	52	4	50	1995-07-04
1221	52	5	66	1980-06-19
1222	52	6	33	1980-06-01
1223	52	7	13	2014-03-09
1224	52	8	64	1992-11-21
1225	52	9	82	2000-01-30
1226	52	10	71	1995-08-11
1227	52	11	57	1984-12-21
1228	52	12	71	1987-06-02
1229	52	13	26	2013-07-04
1230	52	14	89	1973-09-25
1231	52	15	81	2023-12-27
1232	52	16	26	1995-11-20
1233	53	1	18	1971-10-14
1234	53	2	25	2017-05-11
1235	53	3	30	1977-07-16
1236	53	4	97	2003-07-31
1237	53	5	2	1985-03-23
1238	53	6	87	2022-05-30
1239	53	7	5	1980-01-27
1240	53	8	39	1973-04-11
1241	53	9	45	2008-08-20
1242	53	10	90	1996-06-12
1243	53	11	96	2014-11-23
1244	53	12	78	1992-12-18
1245	53	13	85	1972-08-28
1246	53	14	71	2003-01-29
1247	53	15	30	2001-05-05
1248	53	16	77	1992-08-28
1249	54	1	14	1975-03-08
1250	54	2	93	1976-06-17
1251	54	3	62	1971-07-12
1252	54	4	11	1996-10-21
1253	54	5	51	1987-01-09
1254	54	6	53	2004-04-21
1255	54	7	7	1987-01-04
1256	54	8	4	1972-02-26
1257	54	9	87	1998-08-05
1258	54	10	85	2022-02-20
1259	54	11	78	2002-12-15
1260	54	12	86	2004-10-19
1261	54	13	27	1980-09-07
1262	54	14	56	2019-04-20
1263	54	15	18	2021-03-26
1264	54	16	35	1999-09-19
1265	55	1	43	1994-07-10
1266	55	2	34	1995-06-13
1267	55	3	19	1976-11-02
1268	55	4	70	2002-07-05
1269	55	5	46	2024-02-04
1270	55	6	100	2002-09-30
1271	55	7	33	1987-08-23
1272	55	8	38	2004-06-18
1273	55	9	61	1990-04-20
1274	55	10	97	1981-09-06
1275	55	11	53	1970-09-27
1276	55	12	3	2009-12-25
1277	55	13	71	2023-02-06
1278	55	14	40	1981-12-21
1279	55	15	13	2012-08-18
1280	55	16	38	1976-11-05
1281	56	1	80	2021-10-28
1282	56	2	71	1972-03-12
1283	56	3	53	2023-01-22
1284	56	4	19	1995-04-19
1285	56	5	47	2023-01-02
1286	56	6	98	1980-05-11
1287	56	7	4	2005-05-09
1288	56	8	69	1975-10-10
1289	56	9	86	2002-03-09
1290	56	10	78	2021-04-06
1291	56	11	81	1995-06-02
1292	56	12	29	2003-08-16
1293	56	13	12	2004-03-04
1294	56	14	89	1993-12-03
1295	56	15	1	1999-06-24
1296	56	16	79	2001-12-21
1297	57	1	97	2015-07-31
1298	57	2	58	1991-06-12
1299	57	3	23	2023-11-27
1300	57	4	23	1995-04-12
1301	57	5	87	2024-01-08
1302	57	6	97	2018-09-12
1303	57	7	47	1974-04-22
1304	57	8	11	1977-04-02
1305	57	9	33	1985-10-25
1306	57	10	58	2017-01-28
1307	57	11	58	1997-09-02
1308	57	12	40	1984-02-06
1309	57	13	49	2018-02-04
1310	57	14	99	1979-04-03
1311	57	15	29	2022-08-12
1312	57	16	38	1980-03-30
1313	58	1	4	1984-07-17
1314	58	2	72	1979-01-25
1315	58	3	30	1989-06-29
1316	58	4	6	1984-09-16
1317	58	5	63	1994-05-12
1318	58	6	25	2013-11-07
1319	58	7	88	2013-06-10
1320	58	8	92	2012-01-29
1321	58	9	19	1999-05-01
1322	58	10	88	2003-08-19
1323	58	11	52	2023-08-20
1324	58	12	88	1992-11-05
1325	58	13	20	2013-10-17
1326	58	14	21	2011-10-27
1327	58	15	69	2018-02-27
1328	58	16	65	1979-12-21
1329	59	1	43	2020-04-22
1330	59	2	100	2016-01-02
1331	59	3	15	2008-12-04
1332	59	4	60	2019-10-12
1333	59	5	90	1974-08-10
1334	59	6	93	1981-12-17
1335	59	7	26	1996-03-08
1336	59	8	4	1985-12-13
1337	59	9	54	2006-08-08
1338	59	10	55	2017-04-25
1339	59	11	27	1998-12-15
1340	59	12	26	1971-07-02
1341	59	13	72	1988-02-07
1342	59	14	29	2008-12-07
1343	59	15	33	2013-08-31
1344	59	16	67	1971-11-17
1345	60	1	88	2018-03-27
1346	60	2	63	1972-11-13
1347	60	3	54	2016-06-19
1348	60	4	86	1999-05-06
1349	60	5	54	1974-06-29
1350	60	6	86	2018-03-27
1351	60	7	3	1978-06-18
1352	60	8	49	2016-10-11
1353	60	9	41	2002-08-22
1354	60	10	96	2002-01-09
1355	60	11	67	2001-09-02
1356	60	12	82	2010-10-15
1357	60	13	38	2016-07-26
1358	60	14	7	2017-07-30
1359	60	15	45	2007-07-23
1360	60	16	94	2019-06-24
1361	61	1	41	1973-06-11
1362	61	2	46	2018-06-21
1363	61	3	15	1984-10-24
1364	61	4	0	1994-02-16
1365	61	5	60	2013-09-01
1366	61	6	69	2001-09-25
1367	61	7	74	2008-08-08
1368	61	8	64	2021-08-22
1369	61	9	37	1973-12-05
1370	61	10	1	1979-01-14
1371	61	11	84	1997-04-15
1372	61	12	68	2004-11-21
1373	61	13	13	1989-03-03
1374	61	14	65	1994-02-28
1375	61	15	83	1970-02-09
1376	61	16	79	2024-05-04
1377	62	1	35	2004-08-21
1378	62	2	9	1985-11-28
1379	62	3	75	1988-08-05
1380	62	4	21	1984-11-02
1381	62	5	67	2020-04-13
1382	62	6	92	1980-10-24
1383	62	7	13	1984-01-31
1384	62	8	58	2009-11-24
1385	62	9	9	2022-06-12
1386	62	10	36	2008-02-23
1387	62	11	10	2010-01-15
1388	62	12	55	2008-01-26
1389	62	13	6	1999-09-27
1390	62	14	98	1981-08-25
1391	62	15	47	1974-01-14
1392	62	16	81	1988-08-25
1393	63	1	80	1997-09-21
1394	63	2	55	1987-08-15
1395	63	3	35	2021-05-06
1396	63	4	34	1988-12-22
1397	63	5	18	1989-01-09
1398	63	6	25	2004-11-08
1399	63	7	24	2007-09-02
1400	63	8	14	2024-02-07
1401	63	9	98	1988-05-03
1402	63	10	89	2007-01-10
1403	63	11	44	1994-01-27
1404	63	12	100	2001-09-12
1405	63	13	59	2001-05-16
1406	63	14	98	2001-01-12
1407	63	15	29	2008-10-08
1408	63	16	64	1983-10-21
1409	64	1	21	1999-04-03
1410	64	2	13	2022-08-10
1411	64	3	14	2011-01-01
1412	64	4	36	2002-06-14
1413	64	5	73	1987-04-23
1414	64	6	91	1991-04-24
1415	64	7	4	1976-02-02
1416	64	8	57	2004-12-05
1417	64	9	3	2015-08-15
1418	64	10	58	2017-02-16
1419	64	11	37	2015-05-09
1420	64	12	69	1998-02-01
1421	64	13	77	1988-06-21
1422	64	14	21	2024-04-16
1423	64	15	0	1983-01-25
1424	64	16	3	2006-11-15
1425	65	1	86	2018-07-18
1426	65	2	60	1981-11-02
1427	65	3	13	2009-07-28
1428	65	4	38	2011-08-30
1429	65	5	28	1980-09-17
1430	65	6	4	1985-01-23
1431	65	7	88	2005-11-16
1432	65	8	81	1986-05-18
1433	65	9	29	1978-10-12
1434	65	10	17	2001-04-16
1435	65	11	90	2008-03-14
1436	65	12	74	2005-09-22
1437	65	13	39	1970-11-06
1438	65	14	57	2008-06-20
1439	65	15	0	2006-01-19
1440	65	16	10	1991-09-07
1441	66	1	32	1978-11-13
1442	66	2	77	1978-02-16
1443	66	3	35	1988-01-21
1444	66	4	98	2005-01-22
1445	66	5	66	1977-07-21
1446	66	6	37	2002-04-25
1447	66	7	50	1996-08-11
1448	66	8	39	1988-08-15
1449	66	9	16	1997-01-12
1450	66	10	33	2014-05-25
1451	66	11	80	1991-07-28
1452	66	12	25	1988-04-02
1453	66	13	24	2016-10-29
1454	66	14	90	2009-06-26
1455	66	15	57	2018-02-09
1456	66	16	10	1979-01-22
1457	67	1	70	2012-07-03
1458	67	2	70	1989-07-25
1459	67	3	30	2020-01-19
1460	67	4	74	2016-10-20
1461	67	5	93	1983-10-25
1462	67	6	82	1978-08-11
1463	67	7	54	2012-09-07
1464	67	8	97	2000-02-20
1465	67	9	38	1984-01-09
1466	67	10	70	2006-11-11
1467	67	11	12	1977-02-19
1468	67	12	12	1975-06-12
1469	67	13	78	2017-01-16
1470	67	14	72	1973-07-01
1471	67	15	33	2009-12-24
1472	67	16	29	2008-09-09
1473	68	1	78	1978-12-30
1474	68	2	53	2014-06-08
1475	68	3	87	1970-07-06
1476	68	4	58	1998-04-25
1477	68	5	89	1976-12-26
1478	68	6	19	2018-03-05
1479	68	7	33	2010-09-21
1480	68	8	7	1975-11-18
1481	68	9	87	2019-11-26
1482	68	10	13	1988-07-16
1483	68	11	19	1987-01-24
1484	68	12	70	1994-01-02
1485	68	13	54	2009-12-14
1486	68	14	19	2007-09-30
1487	68	15	14	2010-03-31
1488	68	16	1	1995-12-16
1489	69	1	74	1971-08-12
1490	69	2	22	2001-12-10
1491	69	3	0	2005-09-15
1492	69	4	51	1984-07-29
1493	69	5	59	2004-12-12
1494	69	6	41	2015-08-26
1495	69	7	69	1988-04-28
1496	69	8	44	2010-10-12
1497	69	9	25	2009-11-19
1498	69	10	75	2006-01-24
1499	69	11	13	2022-04-27
1500	69	12	82	1982-10-15
1501	69	13	48	1984-06-05
1502	69	14	61	1977-04-20
1503	69	15	40	1971-04-11
1504	69	16	47	2009-12-23
1505	70	1	21	2011-08-12
1506	70	2	69	1980-04-06
1507	70	3	73	1970-05-30
1508	70	4	96	1999-07-29
1509	70	5	80	2021-10-23
1510	70	6	15	1976-01-23
1511	70	7	40	2002-12-11
1512	70	8	64	2002-07-27
1513	70	9	80	2016-02-02
1514	70	10	18	2015-04-07
1515	70	11	94	1971-05-16
1516	70	12	83	2003-09-17
1517	70	13	10	2006-01-29
1518	70	14	83	2013-09-29
1519	70	15	27	2000-09-22
1520	70	16	3	1972-06-10
1521	71	1	50	2018-08-10
1522	71	2	65	2005-03-04
1523	71	3	10	2001-01-10
1524	71	4	1	2021-11-17
1525	71	5	64	1970-11-23
1526	71	6	66	1978-07-23
1527	71	7	35	1980-10-19
1528	71	8	33	1978-10-20
1529	71	9	53	2020-08-04
1530	71	10	58	1982-12-17
1531	71	11	14	1989-02-23
1532	71	12	97	1999-06-13
1533	71	13	31	2011-06-22
1534	71	14	73	1999-09-25
1535	71	15	69	1987-05-12
1536	71	16	59	2012-06-15
1537	72	1	8	1972-05-01
1538	72	2	79	2007-02-27
1539	72	3	25	2019-12-14
1540	72	4	4	1999-09-02
1541	72	5	31	2006-03-09
1542	72	6	19	1982-12-21
1543	72	7	39	1988-06-27
1544	72	8	25	1992-01-25
1545	72	9	51	1975-06-24
1546	72	10	93	2003-07-22
1547	72	11	42	1974-08-19
1548	72	12	52	1982-05-08
1549	72	13	46	2010-11-24
1550	72	14	76	1995-03-22
1551	72	15	13	1987-08-09
1552	72	16	88	2023-07-28
1553	73	1	38	1987-10-26
1554	73	2	35	1970-02-08
1555	73	3	9	1977-09-14
1556	73	4	20	2000-05-15
1557	73	5	99	2024-04-03
1558	73	6	21	2017-12-07
1559	73	7	63	1979-10-24
1560	73	8	75	1974-07-13
1561	73	9	71	2018-03-09
1562	73	10	98	2002-12-08
1563	73	11	33	1989-03-10
1564	73	12	85	1975-01-11
1565	73	13	72	2007-03-10
1566	73	14	49	1989-09-25
1567	73	15	50	2006-10-11
1568	73	16	58	1997-08-31
1569	74	1	78	1990-11-26
1570	74	2	75	2013-06-14
1571	74	3	37	2023-09-24
1572	74	4	69	2012-11-25
1573	74	5	98	1998-03-27
1574	74	6	74	1987-06-23
1575	74	7	89	2010-02-09
1576	74	8	47	1996-11-14
1577	74	9	92	1971-10-08
1578	74	10	0	1994-12-30
1579	74	11	70	2005-06-25
1580	74	12	46	1992-11-23
1581	74	13	1	2000-07-21
1582	74	14	100	1979-02-27
1583	74	15	9	1994-09-11
1584	74	16	59	2006-09-15
1585	75	1	26	1990-09-18
1586	75	2	62	1981-05-10
1587	75	3	96	1995-07-27
1588	75	4	82	2023-07-04
1589	75	5	80	1975-04-21
1590	75	6	98	1983-03-23
1591	75	7	69	2006-11-22
1592	75	8	83	1973-09-27
1593	75	9	40	1994-07-11
1594	75	10	9	2019-11-16
1595	75	11	25	2023-05-08
1596	75	12	17	2006-11-04
1597	75	13	22	2022-03-07
1598	75	14	26	1980-04-11
1599	75	15	50	1971-07-21
1600	75	16	91	1985-07-28
1601	76	1	66	2010-01-28
1602	76	2	95	2019-10-21
1603	76	3	68	2012-01-29
1604	76	4	20	1970-05-22
1605	76	5	37	2002-12-10
1606	76	6	89	1988-08-22
1607	76	7	37	2004-01-08
1608	76	8	15	1989-02-09
1609	76	9	2	1976-05-01
1610	76	10	25	2019-07-06
1611	76	11	62	2022-10-14
1612	76	12	77	2009-05-14
1613	76	13	25	2014-01-03
1614	76	14	40	1974-05-13
1615	76	15	48	2006-04-13
1616	76	16	100	1978-12-20
1617	77	1	21	2004-09-20
1618	77	2	37	2007-03-18
1619	77	3	43	2007-06-26
1620	77	4	0	2022-04-28
1621	77	5	98	1971-12-24
1622	77	6	67	1987-12-16
1623	77	7	2	2020-11-30
1624	77	8	38	2022-11-03
1625	77	9	87	2023-04-28
1626	77	10	48	2001-06-23
1627	77	11	52	1981-04-16
1628	77	12	13	1974-11-25
1629	77	13	66	1979-09-03
1630	77	14	59	1975-07-06
1631	77	15	17	2021-05-01
1632	77	16	31	1982-02-03
1633	78	1	58	1974-06-25
1634	78	2	58	1976-05-31
1635	78	3	63	2013-12-22
1636	78	4	65	1981-11-09
1637	78	5	56	1986-07-04
1638	78	6	76	2004-08-21
1639	78	7	45	2000-06-24
1640	78	8	32	1975-11-05
1641	78	9	81	2021-02-01
1642	78	10	85	1970-08-16
1643	78	11	27	1986-05-19
1644	78	12	3	2005-09-18
1645	78	13	82	2020-10-11
1646	78	14	85	1987-08-15
1647	78	15	28	1986-11-04
1648	78	16	63	1992-01-03
1649	79	1	71	1995-05-12
1650	79	2	84	2001-06-07
1651	79	3	17	1974-08-18
1652	79	4	23	1994-02-07
1653	79	5	54	2022-10-27
1654	79	6	38	2000-07-10
1655	79	7	82	1993-04-27
1656	79	8	69	1971-06-17
1657	79	9	30	1987-02-10
1658	79	10	57	2000-09-14
1659	79	11	86	1984-03-03
1660	79	12	86	1994-04-01
1661	79	13	26	2014-11-30
1662	79	14	52	1985-10-23
1663	79	15	65	2017-08-29
1664	79	16	30	1976-08-14
1665	80	1	22	1976-12-19
1666	80	2	83	2017-12-25
1667	80	3	74	1982-02-02
1668	80	4	70	1978-01-20
1669	80	5	5	1994-05-21
1670	80	6	2	2013-08-21
1671	80	7	74	2005-08-18
1672	80	8	84	1976-10-31
1673	80	9	85	1980-06-01
1674	80	10	33	2005-12-16
1675	80	11	22	2005-06-24
1676	80	12	48	1981-08-27
1677	80	13	70	1984-11-30
1678	80	14	31	2017-04-17
1679	80	15	11	2011-06-10
1680	80	16	63	1994-02-01
1681	81	1	61	1974-06-23
1682	81	2	57	1998-11-19
1683	81	3	22	2003-11-13
1684	81	4	66	2010-08-26
1685	81	5	57	2013-01-04
1686	81	6	21	1988-06-22
1687	81	7	91	2021-09-12
1688	81	8	88	1970-09-27
1689	81	9	5	2008-02-22
1690	81	10	32	2012-01-21
1691	81	11	84	1995-06-01
1692	81	12	57	2001-01-31
1693	81	13	71	1990-11-10
1694	81	14	69	1988-01-14
1695	81	15	98	2014-07-09
1696	81	16	93	1985-12-12
1697	82	1	68	1991-08-08
1698	82	2	38	1992-04-26
1699	82	3	62	2016-01-04
1700	82	4	98	2006-10-18
1701	82	5	65	2011-12-20
1702	82	6	84	2002-12-21
1703	82	7	29	1988-11-17
1704	82	8	52	1970-11-07
1705	82	9	88	1974-02-01
1706	82	10	20	1979-10-28
1707	82	11	52	2022-01-25
1708	82	12	83	2011-08-19
1709	82	13	23	1979-04-21
1710	82	14	47	1984-05-01
1711	82	15	78	1976-07-10
1712	82	16	74	2000-10-18
1713	83	1	63	1981-01-09
1714	83	2	72	1988-10-19
1715	83	3	14	2014-12-07
1716	83	4	87	2000-06-15
1717	83	5	81	2004-11-22
1718	83	6	64	1971-06-26
1719	83	7	72	1984-05-09
1720	83	8	64	1974-06-14
1721	83	9	38	1995-03-26
1722	83	10	13	2018-08-15
1723	83	11	47	1989-10-12
1724	83	12	80	2000-02-25
1725	83	13	25	1994-02-24
1726	83	14	73	2020-03-22
1727	83	15	45	2000-04-18
1728	83	16	36	2021-11-10
1729	84	1	23	1981-12-24
1730	84	2	86	2024-04-20
1731	84	3	29	1978-03-31
1732	84	4	81	2020-06-02
1733	84	5	94	1992-01-15
1734	84	6	75	1976-05-29
1735	84	7	99	2005-06-08
1736	84	8	0	1974-01-19
1737	84	9	51	1985-03-01
1738	84	10	54	1993-06-11
1739	84	11	57	2005-07-27
1740	84	12	21	2000-08-24
1741	84	13	98	2012-08-01
1742	84	14	60	1988-06-05
1743	84	15	26	1992-09-04
1744	84	16	80	2004-10-16
1745	85	1	80	2022-09-09
1746	85	2	81	2005-09-15
1747	85	3	73	1996-03-31
1748	85	4	52	2019-10-05
1749	85	5	30	2013-01-02
1750	85	6	14	2002-05-21
1751	85	7	68	2002-11-09
1752	85	8	52	2014-01-28
1753	85	9	24	1978-05-13
1754	85	10	93	2013-06-23
1755	85	11	55	2014-06-05
1756	85	12	68	1977-08-09
1757	85	13	86	1971-03-06
1758	85	14	44	1987-10-17
1759	85	15	63	1973-08-12
1760	85	16	94	1992-04-19
1761	86	1	9	1976-10-23
1762	86	2	31	1990-11-15
1763	86	3	0	2013-04-17
1764	86	4	0	2009-02-16
1765	86	5	55	2009-03-23
1766	86	6	4	1982-02-09
1767	86	7	94	2024-03-12
1768	86	8	76	1999-04-26
1769	86	9	9	1977-02-09
1770	86	10	53	2004-04-01
1771	86	11	75	1988-05-01
1772	86	12	14	1988-02-10
1773	86	13	42	1972-06-29
1774	86	14	23	1995-06-13
1775	86	15	8	2008-12-09
1776	86	16	28	2009-09-17
1777	87	1	1	1987-02-02
1778	87	2	60	1998-04-13
1779	87	3	21	1970-06-25
1780	87	4	62	2018-01-03
1781	87	5	36	2003-02-15
1782	87	6	98	2012-08-25
1783	87	7	67	2008-02-19
1784	87	8	43	1983-10-24
1785	87	9	95	1972-03-09
1786	87	10	1	2003-03-01
1787	87	11	88	1995-01-25
1788	87	12	17	2004-05-05
1789	87	13	59	1973-02-10
1790	87	14	32	2022-12-27
1791	87	15	30	2024-03-18
1792	87	16	68	1998-12-19
1793	88	1	2	2006-01-30
1794	88	2	85	1999-03-22
1795	88	3	39	1992-05-07
1796	88	4	87	1997-09-18
1797	88	5	8	2009-01-04
1798	88	6	63	2004-01-06
1799	88	7	80	1982-06-21
1800	88	8	23	2015-11-25
1801	88	9	43	2019-09-01
1802	88	10	57	1974-04-15
1803	88	11	55	1984-08-29
1804	88	12	54	1972-05-20
1805	88	13	55	2010-02-02
1806	88	14	63	1976-07-29
1807	88	15	75	2021-12-25
1808	88	16	21	1977-10-15
1809	89	1	62	1970-02-24
1810	89	2	44	1975-01-20
1811	89	3	70	2002-09-12
1812	89	4	42	1999-11-16
1813	89	5	10	2013-11-30
1814	89	6	78	2007-03-08
1815	89	7	59	2024-02-10
1816	89	8	92	1986-05-16
1817	89	9	86	1992-07-18
1818	89	10	54	1994-06-15
1819	89	11	53	2001-01-03
1820	89	12	85	1971-11-21
1821	89	13	39	1998-11-02
1822	89	14	47	1992-02-12
1823	89	15	77	1982-10-09
1824	89	16	73	1993-11-20
1825	90	1	85	1993-11-11
1826	90	2	61	1997-04-10
1827	90	3	84	2010-09-11
1828	90	4	60	1994-03-26
1829	90	5	89	1999-02-07
1830	90	6	41	1983-09-28
1831	90	7	32	1993-10-30
1832	90	8	54	1991-11-16
1833	90	9	29	1972-08-28
1834	90	10	1	2023-01-28
1835	90	11	21	2016-06-23
1836	90	12	57	1998-02-23
1837	90	13	29	2002-05-21
1838	90	14	49	1982-01-28
1839	90	15	39	1981-04-17
1840	90	16	15	1995-02-27
1841	91	1	21	2018-08-12
1842	91	2	51	1978-07-03
1843	91	3	10	1978-08-08
1844	91	4	94	1999-11-28
1845	91	5	8	2014-06-21
1846	91	6	69	1999-01-05
1847	91	7	2	2019-10-05
1848	91	8	90	2023-01-21
1849	91	9	56	1985-02-18
1850	91	10	43	1991-04-07
1851	91	11	50	2005-04-22
1852	91	12	10	1971-07-07
1853	91	13	92	2023-04-21
1854	91	14	33	1991-01-16
1855	91	15	50	1991-07-22
1856	91	16	79	1973-12-11
1857	92	1	89	1975-08-13
1858	92	2	53	1986-02-03
1859	92	3	90	2004-07-04
1860	92	4	69	1979-12-17
1861	92	5	58	1975-09-08
1862	92	6	42	1975-03-24
1863	92	7	76	1979-12-21
1864	92	8	32	2009-04-25
1865	92	9	2	1994-05-06
1866	92	10	42	1980-05-04
1867	92	11	78	1976-01-15
1868	92	12	31	1973-12-03
1869	92	13	42	1985-09-20
1870	92	14	0	2010-07-26
1871	92	15	9	2011-09-22
1872	92	16	90	2014-10-14
1873	93	1	34	1985-02-15
1874	93	2	2	1992-12-01
1875	93	3	71	2020-11-28
1876	93	4	6	1980-10-27
1877	93	5	14	1985-07-13
1878	93	6	80	2017-11-10
1879	93	7	42	1990-12-21
1880	93	8	32	2024-05-09
1881	93	9	34	2020-07-29
1882	93	10	26	1978-05-28
1883	93	11	87	2013-10-11
1884	93	12	33	1985-10-08
1885	93	13	52	1986-09-29
1886	93	14	40	1974-01-24
1887	93	15	35	1997-09-04
1888	93	16	94	1979-07-23
1889	94	1	85	1995-10-15
1890	94	2	0	1981-12-08
1891	94	3	96	1997-11-20
1892	94	4	23	2000-08-07
1893	94	5	17	2000-02-20
1894	94	6	26	1997-03-27
1895	94	7	48	2022-01-09
1896	94	8	82	1987-04-09
1897	94	9	12	2000-01-17
1898	94	10	53	2005-07-11
1899	94	11	55	2000-01-17
1900	94	12	45	2003-12-19
1901	94	13	12	2021-10-04
1902	94	14	99	1977-10-09
1903	94	15	38	1994-11-19
1904	94	16	90	2022-07-02
1905	95	1	72	2016-01-19
1906	95	2	57	2004-11-28
1907	95	3	32	1985-03-09
1908	95	4	74	1986-10-13
1909	95	5	22	1998-07-31
1910	95	6	90	2002-05-10
1911	95	7	9	1986-04-30
1912	95	8	7	1972-04-15
1913	95	9	22	1988-12-08
1914	95	10	22	2022-03-06
1915	95	11	7	1975-10-14
1916	95	12	13	1988-09-24
1917	95	13	28	2023-06-19
1918	95	14	71	1975-10-02
1919	95	15	34	2001-10-14
1920	95	16	40	2014-12-28
1921	96	1	39	2009-12-30
1922	96	2	30	1999-03-25
1923	96	3	13	1979-12-21
1924	96	4	21	1996-12-23
1925	96	5	83	1987-10-22
1926	96	6	31	1972-12-01
1927	96	7	5	2018-04-17
1928	96	8	89	2003-10-08
1929	96	9	89	2005-03-06
1930	96	10	25	1977-06-24
1931	96	11	28	2009-11-13
1932	96	12	46	1989-01-04
1933	96	13	30	1971-04-15
1934	96	14	60	1990-12-05
1935	96	15	89	1989-11-04
1936	96	16	71	2006-05-18
1937	97	1	89	1970-03-07
1938	97	2	53	1996-11-23
1939	97	3	92	1985-09-10
1940	97	4	7	1991-04-21
1941	97	5	78	1983-01-11
1942	97	6	32	1983-11-16
1943	97	7	45	1986-08-02
1944	97	8	62	2014-01-14
1945	97	9	7	1991-03-08
1946	97	10	88	2008-10-04
1947	97	11	59	2002-04-21
1948	97	12	34	1989-08-30
1949	97	13	36	2012-08-23
1950	97	14	30	1982-08-02
1951	97	15	12	2002-04-06
1952	97	16	44	2004-07-16
1953	98	1	49	1970-02-25
1954	98	2	23	1993-11-24
1955	98	3	43	2001-02-19
1956	98	4	55	2021-01-08
1957	98	5	98	1970-04-30
1958	98	6	21	1988-02-26
1959	98	7	40	2000-04-10
1960	98	8	62	1988-08-09
1961	98	9	68	2021-10-08
1962	98	10	66	2023-02-16
1963	98	11	10	1974-07-04
1964	98	12	86	2016-12-30
1965	98	13	45	2009-10-05
1966	98	14	93	2011-10-31
1967	98	15	42	1991-12-29
1968	98	16	66	1975-05-28
1969	99	1	100	1972-12-29
1970	99	2	97	1997-04-12
1971	99	3	85	2003-10-17
1972	99	4	21	1980-09-06
1973	99	5	84	2007-01-31
1974	99	6	9	1996-02-23
1975	99	7	72	2024-06-05
1976	99	8	19	2000-05-18
1977	99	9	24	1976-11-21
1978	99	10	69	2013-06-29
1979	99	11	29	1976-02-09
1980	99	12	63	1971-10-30
1981	99	13	85	2002-03-20
1982	99	14	77	2020-07-27
1983	99	15	82	2015-11-29
1984	99	16	88	2021-06-20
1985	100	1	89	1979-03-23
1986	100	2	94	2022-04-23
1987	100	3	7	2018-11-17
1988	100	4	56	1992-04-12
1989	100	5	17	2000-07-23
1990	100	6	91	2005-06-02
1991	100	7	32	1984-08-24
1992	100	8	55	1973-03-03
1993	100	9	14	1979-03-14
1994	100	10	53	2006-02-27
1995	100	11	16	1990-12-09
1996	100	12	86	2016-05-04
1997	100	13	51	2006-03-18
1998	100	14	22	2015-09-30
1999	100	15	55	2020-06-28
2000	100	16	38	1989-07-30
\.


--
-- TOC entry 3387 (class 0 OID 18657)
-- Dependencies: 216
-- Data for Name: groups; Type: TABLE DATA; Schema: public; Owner: postgres
--

COPY public.groups (id, name) FROM stdin;
1	where
2	conference
3	station
4	least
5	seek
6	skill
\.


--
-- TOC entry 3393 (class 0 OID 18686)
-- Dependencies: 222
-- Data for Name: students; Type: TABLE DATA; Schema: public; Owner: postgres
--

COPY public.students (id, name, email, group_id) FROM stdin;
1	Mariah Johnson	mccormickkeith@example.org	2
2	Angela Richardson	brandongray@example.com	2
3	Jason Shelton	reginald52@example.com	2
4	Christian Smith	ismith@example.com	2
5	Ariana Hernandez	lrogers@example.net	3
6	Deborah Smith	xharvey@example.net	2
7	Daniel Herrera	jnorman@example.com	1
8	Tiffany Ewing	hickmansophia@example.com	1
9	Brian Mccoy	sheilabeard@example.org	2
10	Amy Martinez	david27@example.org	3
11	Jason Lopez	zcalhoun@example.com	3
12	Patricia Sparks	abrown@example.org	2
13	Christopher Williams	xpeterson@example.net	1
14	Joseph Ryan	salazarpatricia@example.org	2
15	Brandi Frazier	alicia58@example.net	1
16	Brian Roberson	pennywilliams@example.org	3
17	Victor Herrera	john70@example.net	3
18	Mr. Ryan Garcia	christopherortega@example.org	3
19	Aaron Austin	iyoung@example.com	1
20	John Schultz	scotttyler@example.org	1
21	Alexandra White	davidcraig@example.net	3
22	Jessica Dunlap	vvargas@example.com	1
23	Michele Wright	lhill@example.net	3
24	Haley Mason	fhooper@example.com	3
25	Traci Williams	lewisscott@example.org	1
26	Amanda Martin	carlacross@example.net	3
27	Dr. Samuel Henson	francisco40@example.net	2
28	Stephanie Smith	susanshort@example.net	2
29	Cynthia Miller	teresa07@example.com	3
30	Micheal Odonnell	jennifer85@example.net	1
31	Cathy Dawson	nkeller@example.org	3
32	Samantha Bell	warrenhayley@example.com	3
33	Lisa King	jonesjennifer@example.net	3
34	Teresa Padilla	moyermark@example.com	2
35	Christine Williams	burkemarissa@example.net	1
36	Jamie Harris	jeannepollard@example.net	1
37	Christopher Collier	samuel71@example.net	1
38	Lisa Holland	emmafoster@example.org	3
39	Kristie Ellis	paul34@example.com	2
40	Tanya Long	whernandez@example.net	3
41	Bryan Edwards	penaeric@example.net	2
42	Samantha Reynolds	shanemorris@example.org	1
43	Jennifer Harris	anthonyallen@example.com	1
44	Kimberly Brewer	gordontanner@example.org	3
45	Christian Skinner	ijones@example.org	1
46	Micheal Booth	jonathanpetersen@example.net	1
47	Jodi Moreno	mitchelljames@example.net	2
48	Bradley Scott	jacobhubbard@example.org	3
49	Gina Callahan	tracy58@example.com	3
50	Emily Mueller	andreaturner@example.org	3
51	Sergio Brown	marshscott@example.org	5
52	Kristen Kelley	amanda82@example.net	3
53	Mrs. Brittany Contreras	rmorris@example.org	6
54	James Tyler	vmanning@example.net	1
55	John Duarte	samanthamcdaniel@example.org	5
56	Jacob Aguilar	zmartinez@example.com	2
57	Eric Martin	hgomez@example.com	3
58	Jennifer Skinner	collinsbrandi@example.org	4
59	Karen Rose	lisa97@example.net	5
60	Samantha Bailey	charles54@example.net	6
61	Andrea Steele	isabella01@example.org	5
62	Heather Lewis	patrickdean@example.com	2
63	Connie Singh	eric55@example.net	5
64	Kristina Guzman	davidclark@example.net	3
65	Amy Chang	gkane@example.com	1
66	Brooke Washington	whorne@example.org	2
67	Laura Dalton	xgomez@example.com	6
68	Angel Gonzalez	moralesjackie@example.org	6
69	Ronald Franco	michaelvincent@example.com	4
70	Marissa Jensen	johnsonmichael@example.com	3
71	Erica Rosario	pgarcia@example.net	3
72	Paul Avila	jessica68@example.com	3
73	Virginia Ferrell	pattersonsuzanne@example.net	4
74	Andrea Hamilton	joshua67@example.com	3
75	Michael Wilson	njohnson@example.net	1
76	Susan Murphy	madison40@example.com	5
77	Teresa Nicholson	gonzalesjeremiah@example.com	6
78	Keith Guzman	connermelissa@example.org	1
79	Robert Davidson	karen04@example.com	2
80	Michael Chang	mark07@example.org	2
81	Kim Horton	maldonadosamuel@example.net	6
82	Kelsey Morris	amy75@example.net	1
83	Heather Gonzalez	askinner@example.com	6
84	Timothy Williams	connie01@example.org	2
85	Angela Curry	christensenheather@example.com	4
86	Edward Phillips	lancesanchez@example.org	5
87	Donald Mitchell	erinsmith@example.net	1
88	Luis Reyes	justinhurley@example.com	2
89	Carolyn Stephens	jennifer34@example.org	6
90	David Castillo	wayne42@example.net	3
91	Mrs. Brittany Martinez	clarksamuel@example.org	2
92	Christopher Collins	taylorrussell@example.org	5
93	Cathy Clark MD	oliveranthony@example.net	3
94	Angel Luna	abigaildavis@example.com	1
95	Henry Oliver	jeffreycox@example.com	2
96	David Davis	carlos72@example.org	5
97	Ann Griffith	michael28@example.org	6
98	Kimberly Preston	gregorycabrera@example.org	5
99	Michael Wallace	emorales@example.org	1
100	Robert Jones	maria29@example.net	1
\.


--
-- TOC entry 3391 (class 0 OID 18674)
-- Dependencies: 220
-- Data for Name: subjects; Type: TABLE DATA; Schema: public; Owner: postgres
--

COPY public.subjects (id, name, teacher_id) FROM stdin;
1	health	4
2	amount	1
3	certainly	2
4	just	4
5	economy	3
6	everybody	5
7	which	4
8	window	3
9	conference	5
10	recently	5
11	role	2
12	source	4
13	carry	8
14	her	6
15	firm	2
16	board	3
\.


--
-- TOC entry 3389 (class 0 OID 18664)
-- Dependencies: 218
-- Data for Name: teachers; Type: TABLE DATA; Schema: public; Owner: postgres
--

COPY public.teachers (id, name) FROM stdin;
1	Michael Mendoza
2	Christina Hodge
3	Roger Dean
4	Ethan Cameron
5	Sarah Wilson
6	Dana Wagner
7	Kenneth Freeman
8	Tammy Ferguson
9	Christopher Gibson
10	Phillip Lucas
\.


--
-- TOC entry 3406 (class 0 OID 0)
-- Dependencies: 223
-- Name: grades_id_seq; Type: SEQUENCE SET; Schema: public; Owner: postgres
--

SELECT pg_catalog.setval('public.grades_id_seq', 2000, true);


--
-- TOC entry 3407 (class 0 OID 0)
-- Dependencies: 215
-- Name: groups_id_seq; Type: SEQUENCE SET; Schema: public; Owner: postgres
--

SELECT pg_catalog.setval('public.groups_id_seq', 6, true);


--
-- TOC entry 3408 (class 0 OID 0)
-- Dependencies: 221
-- Name: students_id_seq; Type: SEQUENCE SET; Schema: public; Owner: postgres
--

SELECT pg_catalog.setval('public.students_id_seq', 100, true);


--
-- TOC entry 3409 (class 0 OID 0)
-- Dependencies: 219
-- Name: subjects_id_seq; Type: SEQUENCE SET; Schema: public; Owner: postgres
--

SELECT pg_catalog.setval('public.subjects_id_seq', 16, true);


--
-- TOC entry 3410 (class 0 OID 0)
-- Dependencies: 217
-- Name: teachers_id_seq; Type: SEQUENCE SET; Schema: public; Owner: postgres
--

SELECT pg_catalog.setval('public.teachers_id_seq', 10, true);


--
-- TOC entry 3238 (class 2606 OID 18704)
-- Name: grades grades_pkey; Type: CONSTRAINT; Schema: public; Owner: postgres
--

ALTER TABLE ONLY public.grades
    ADD CONSTRAINT grades_pkey PRIMARY KEY (id);


--
-- TOC entry 3230 (class 2606 OID 18662)
-- Name: groups groups_pkey; Type: CONSTRAINT; Schema: public; Owner: postgres
--

ALTER TABLE ONLY public.groups
    ADD CONSTRAINT groups_pkey PRIMARY KEY (id);


--
-- TOC entry 3236 (class 2606 OID 18691)
-- Name: students students_pkey; Type: CONSTRAINT; Schema: public; Owner: postgres
--

ALTER TABLE ONLY public.students
    ADD CONSTRAINT students_pkey PRIMARY KEY (id);


--
-- TOC entry 3234 (class 2606 OID 18679)
-- Name: subjects subjects_pkey; Type: CONSTRAINT; Schema: public; Owner: postgres
--

ALTER TABLE ONLY public.subjects
    ADD CONSTRAINT subjects_pkey PRIMARY KEY (id);


--
-- TOC entry 3232 (class 2606 OID 18669)
-- Name: teachers teachers_pkey; Type: CONSTRAINT; Schema: public; Owner: postgres
--

ALTER TABLE ONLY public.teachers
    ADD CONSTRAINT teachers_pkey PRIMARY KEY (id);


--
-- TOC entry 3241 (class 2606 OID 18705)
-- Name: grades grades_student_id_fkey; Type: FK CONSTRAINT; Schema: public; Owner: postgres
--

ALTER TABLE ONLY public.grades
    ADD CONSTRAINT grades_student_id_fkey FOREIGN KEY (student_id) REFERENCES public.students(id) ON DELETE CASCADE;


--
-- TOC entry 3242 (class 2606 OID 18710)
-- Name: grades grades_subject_id_fkey; Type: FK CONSTRAINT; Schema: public; Owner: postgres
--

ALTER TABLE ONLY public.grades
    ADD CONSTRAINT grades_subject_id_fkey FOREIGN KEY (subject_id) REFERENCES public.subjects(id) ON DELETE CASCADE;


--
-- TOC entry 3240 (class 2606 OID 18692)
-- Name: students students_group_id_fkey; Type: FK CONSTRAINT; Schema: public; Owner: postgres
--

ALTER TABLE ONLY public.students
    ADD CONSTRAINT students_group_id_fkey FOREIGN KEY (group_id) REFERENCES public.groups(id) ON DELETE CASCADE;


--
-- TOC entry 3239 (class 2606 OID 18680)
-- Name: subjects subjects_teacher_id_fkey; Type: FK CONSTRAINT; Schema: public; Owner: postgres
--

ALTER TABLE ONLY public.subjects
    ADD CONSTRAINT subjects_teacher_id_fkey FOREIGN KEY (teacher_id) REFERENCES public.teachers(id) ON DELETE CASCADE;


-- Completed on 2024-06-12 18:07:24

--
-- PostgreSQL database dump complete
--

--
-- Database "test" dump
--

--
-- PostgreSQL database dump
--

-- Dumped from database version 16.3 (Debian 16.3-1.pgdg120+1)
-- Dumped by pg_dump version 16.3

-- Started on 2024-06-12 18:07:24

SET statement_timeout = 0;
SET lock_timeout = 0;
SET idle_in_transaction_session_timeout = 0;
SET client_encoding = 'UTF8';
SET standard_conforming_strings = on;
SELECT pg_catalog.set_config('search_path', '', false);
SET check_function_bodies = false;
SET xmloption = content;
SET client_min_messages = warning;
SET row_security = off;

--
-- TOC entry 3401 (class 1262 OID 16396)
-- Name: test; Type: DATABASE; Schema: -; Owner: postgres
--

CREATE DATABASE test WITH TEMPLATE = template0 ENCODING = 'UTF8' LOCALE_PROVIDER = libc LOCALE = 'en_US.utf8';


ALTER DATABASE test OWNER TO postgres;

\connect test

SET statement_timeout = 0;
SET lock_timeout = 0;
SET idle_in_transaction_session_timeout = 0;
SET client_encoding = 'UTF8';
SET standard_conforming_strings = on;
SELECT pg_catalog.set_config('search_path', '', false);
SET check_function_bodies = false;
SET xmloption = content;
SET client_min_messages = warning;
SET row_security = off;

SET default_tablespace = '';

SET default_table_access_method = heap;

--
-- TOC entry 224 (class 1259 OID 18618)
-- Name: grades; Type: TABLE; Schema: public; Owner: postgres
--

CREATE TABLE public.grades (
    id integer NOT NULL,
    student_id integer,
    subject_id integer,
    grade integer,
    grade_date date NOT NULL,
    CONSTRAINT grades_grade_check CHECK (((grade >= 0) AND (grade <= 100)))
);


ALTER TABLE public.grades OWNER TO postgres;

--
-- TOC entry 223 (class 1259 OID 18617)
-- Name: grades_id_seq; Type: SEQUENCE; Schema: public; Owner: postgres
--

CREATE SEQUENCE public.grades_id_seq
    AS integer
    START WITH 1
    INCREMENT BY 1
    NO MINVALUE
    NO MAXVALUE
    CACHE 1;


ALTER SEQUENCE public.grades_id_seq OWNER TO postgres;

--
-- TOC entry 3402 (class 0 OID 0)
-- Dependencies: 223
-- Name: grades_id_seq; Type: SEQUENCE OWNED BY; Schema: public; Owner: postgres
--

ALTER SEQUENCE public.grades_id_seq OWNED BY public.grades.id;


--
-- TOC entry 216 (class 1259 OID 18580)
-- Name: groups; Type: TABLE; Schema: public; Owner: postgres
--

CREATE TABLE public.groups (
    id integer NOT NULL,
    name character varying(50) NOT NULL
);


ALTER TABLE public.groups OWNER TO postgres;

--
-- TOC entry 215 (class 1259 OID 18579)
-- Name: groups_id_seq; Type: SEQUENCE; Schema: public; Owner: postgres
--

CREATE SEQUENCE public.groups_id_seq
    AS integer
    START WITH 1
    INCREMENT BY 1
    NO MINVALUE
    NO MAXVALUE
    CACHE 1;


ALTER SEQUENCE public.groups_id_seq OWNER TO postgres;

--
-- TOC entry 3403 (class 0 OID 0)
-- Dependencies: 215
-- Name: groups_id_seq; Type: SEQUENCE OWNED BY; Schema: public; Owner: postgres
--

ALTER SEQUENCE public.groups_id_seq OWNED BY public.groups.id;


--
-- TOC entry 222 (class 1259 OID 18606)
-- Name: students; Type: TABLE; Schema: public; Owner: postgres
--

CREATE TABLE public.students (
    id integer NOT NULL,
    name character varying(100) NOT NULL,
    email character varying(100) NOT NULL,
    group_id integer
);


ALTER TABLE public.students OWNER TO postgres;

--
-- TOC entry 221 (class 1259 OID 18605)
-- Name: students_id_seq; Type: SEQUENCE; Schema: public; Owner: postgres
--

CREATE SEQUENCE public.students_id_seq
    AS integer
    START WITH 1
    INCREMENT BY 1
    NO MINVALUE
    NO MAXVALUE
    CACHE 1;


ALTER SEQUENCE public.students_id_seq OWNER TO postgres;

--
-- TOC entry 3404 (class 0 OID 0)
-- Dependencies: 221
-- Name: students_id_seq; Type: SEQUENCE OWNED BY; Schema: public; Owner: postgres
--

ALTER SEQUENCE public.students_id_seq OWNED BY public.students.id;


--
-- TOC entry 220 (class 1259 OID 18594)
-- Name: subjects; Type: TABLE; Schema: public; Owner: postgres
--

CREATE TABLE public.subjects (
    id integer NOT NULL,
    name character varying(100) NOT NULL,
    teacher_id integer
);


ALTER TABLE public.subjects OWNER TO postgres;

--
-- TOC entry 219 (class 1259 OID 18593)
-- Name: subjects_id_seq; Type: SEQUENCE; Schema: public; Owner: postgres
--

CREATE SEQUENCE public.subjects_id_seq
    AS integer
    START WITH 1
    INCREMENT BY 1
    NO MINVALUE
    NO MAXVALUE
    CACHE 1;


ALTER SEQUENCE public.subjects_id_seq OWNER TO postgres;

--
-- TOC entry 3405 (class 0 OID 0)
-- Dependencies: 219
-- Name: subjects_id_seq; Type: SEQUENCE OWNED BY; Schema: public; Owner: postgres
--

ALTER SEQUENCE public.subjects_id_seq OWNED BY public.subjects.id;


--
-- TOC entry 218 (class 1259 OID 18587)
-- Name: teachers; Type: TABLE; Schema: public; Owner: postgres
--

CREATE TABLE public.teachers (
    id integer NOT NULL,
    name character varying(100) NOT NULL
);


ALTER TABLE public.teachers OWNER TO postgres;

--
-- TOC entry 217 (class 1259 OID 18586)
-- Name: teachers_id_seq; Type: SEQUENCE; Schema: public; Owner: postgres
--

CREATE SEQUENCE public.teachers_id_seq
    AS integer
    START WITH 1
    INCREMENT BY 1
    NO MINVALUE
    NO MAXVALUE
    CACHE 1;


ALTER SEQUENCE public.teachers_id_seq OWNER TO postgres;

--
-- TOC entry 3406 (class 0 OID 0)
-- Dependencies: 217
-- Name: teachers_id_seq; Type: SEQUENCE OWNED BY; Schema: public; Owner: postgres
--

ALTER SEQUENCE public.teachers_id_seq OWNED BY public.teachers.id;


--
-- TOC entry 3227 (class 2604 OID 18621)
-- Name: grades id; Type: DEFAULT; Schema: public; Owner: postgres
--

ALTER TABLE ONLY public.grades ALTER COLUMN id SET DEFAULT nextval('public.grades_id_seq'::regclass);


--
-- TOC entry 3223 (class 2604 OID 18583)
-- Name: groups id; Type: DEFAULT; Schema: public; Owner: postgres
--

ALTER TABLE ONLY public.groups ALTER COLUMN id SET DEFAULT nextval('public.groups_id_seq'::regclass);


--
-- TOC entry 3226 (class 2604 OID 18609)
-- Name: students id; Type: DEFAULT; Schema: public; Owner: postgres
--

ALTER TABLE ONLY public.students ALTER COLUMN id SET DEFAULT nextval('public.students_id_seq'::regclass);


--
-- TOC entry 3225 (class 2604 OID 18597)
-- Name: subjects id; Type: DEFAULT; Schema: public; Owner: postgres
--

ALTER TABLE ONLY public.subjects ALTER COLUMN id SET DEFAULT nextval('public.subjects_id_seq'::regclass);


--
-- TOC entry 3224 (class 2604 OID 18590)
-- Name: teachers id; Type: DEFAULT; Schema: public; Owner: postgres
--

ALTER TABLE ONLY public.teachers ALTER COLUMN id SET DEFAULT nextval('public.teachers_id_seq'::regclass);


--
-- TOC entry 3395 (class 0 OID 18618)
-- Dependencies: 224
-- Data for Name: grades; Type: TABLE DATA; Schema: public; Owner: postgres
--

COPY public.grades (id, student_id, subject_id, grade, grade_date) FROM stdin;
12412	115	25	37	1996-01-06
12413	115	26	15	1993-04-12
12414	115	27	91	1998-05-09
12415	115	28	59	1983-08-28
12416	115	29	65	1975-06-29
12417	115	30	45	2003-09-04
12418	115	31	62	2003-04-02
12419	115	32	47	2011-11-04
12420	116	25	31	2024-01-26
12421	116	26	80	1991-11-16
12422	116	27	33	1978-12-01
12423	116	28	35	1976-03-30
12424	116	29	45	2022-05-09
12425	116	30	45	1980-10-22
12426	116	31	11	1995-07-26
12427	116	32	70	2001-02-20
12428	117	25	56	1998-03-27
12429	117	26	41	1981-12-23
12430	117	27	19	1987-01-04
12431	117	28	84	1984-11-15
12432	117	29	24	1971-12-17
12433	117	30	54	1985-08-12
12434	117	31	53	2002-04-08
12435	117	32	94	1986-01-31
12436	118	25	29	2007-01-01
12437	118	26	28	1999-05-29
12438	118	27	55	1984-10-27
12439	118	28	36	1993-03-29
12440	118	29	55	1971-04-19
12441	118	30	13	1973-01-15
12442	118	31	87	2016-03-12
12443	118	32	16	1973-11-12
12444	119	25	26	2008-07-15
12445	119	26	40	1977-11-17
12446	119	27	38	2014-06-26
12447	119	28	74	2024-03-24
12448	119	29	57	2005-09-25
12449	119	30	84	2015-07-21
12450	119	31	41	1987-01-06
12451	119	32	45	1985-06-10
12452	120	25	11	1997-02-27
12453	120	26	84	2006-10-01
12454	120	27	72	2023-09-22
12455	120	28	5	2010-09-26
12456	120	29	70	2020-08-03
12457	120	30	21	1988-09-18
12458	120	31	18	2000-03-22
12459	120	32	27	2008-08-17
12460	121	25	53	1981-05-21
12461	121	26	3	1979-11-17
12462	121	27	84	1971-12-29
12463	121	28	37	2014-11-05
12464	121	29	63	1978-05-04
12465	121	30	38	1979-01-02
12466	121	31	59	1984-07-25
12467	121	32	92	2024-04-20
12468	122	25	30	1979-05-21
12469	122	26	63	2012-09-12
12470	122	27	20	2007-12-23
12471	122	28	22	1976-08-16
12472	122	29	46	1991-07-23
12473	122	30	69	2019-08-23
12474	122	31	45	1987-03-03
12475	122	32	18	1986-08-08
12476	123	25	82	1970-03-12
12477	123	26	56	2024-03-08
12478	123	27	35	2004-02-22
12479	123	28	80	1997-01-30
12480	123	29	89	1995-12-08
12481	123	30	48	1997-09-25
12482	123	31	27	2015-12-07
12483	123	32	47	1987-11-07
12484	124	25	73	1984-01-20
12485	124	26	13	1970-06-08
12486	124	27	35	1976-06-02
12487	124	28	65	1970-02-07
12488	124	29	84	1999-09-27
12489	124	30	8	2010-03-25
12490	124	31	7	1989-05-13
12491	124	32	46	2014-06-17
12492	125	25	88	1993-01-27
12493	125	26	67	1994-05-06
12494	125	27	86	2003-05-26
12495	125	28	82	2014-04-29
12496	125	29	28	1970-07-11
12497	125	30	15	2014-08-13
12498	125	31	38	1992-05-18
12499	125	32	65	2019-09-26
12500	126	25	1	1989-09-25
12501	126	26	66	2012-03-25
12502	126	27	48	2000-10-15
12503	126	28	20	1972-09-11
12504	126	29	6	1998-11-20
12505	126	30	38	2012-01-20
12506	126	31	12	1995-02-23
12507	126	32	81	1992-09-04
12508	127	25	71	1985-10-28
12509	127	26	47	1987-09-08
12510	127	27	85	2006-07-11
12511	127	28	34	2020-04-24
12512	127	29	61	1978-01-12
12513	127	30	87	1997-07-09
12514	127	31	18	1972-05-19
12515	127	32	86	2024-05-10
12516	128	25	30	1988-01-07
12517	128	26	1	2017-02-09
12518	128	27	86	1977-04-27
12519	128	28	66	2013-06-10
12520	128	29	33	2018-09-18
12521	128	30	26	2017-02-17
12522	128	31	87	2005-05-27
12523	128	32	91	1981-12-01
12524	129	25	43	1972-09-21
12525	129	26	95	1999-01-23
12526	129	27	82	2017-11-12
12527	129	28	84	1973-05-05
12528	129	29	96	2000-04-10
12529	129	30	74	1984-09-01
12530	129	31	69	2016-07-17
12531	129	32	28	2006-06-18
12532	130	25	41	1987-10-04
12533	130	26	91	2009-02-26
12534	130	27	46	2006-04-21
12535	130	28	86	1999-11-30
12536	130	29	46	2014-07-07
12537	130	30	1	1994-03-10
12538	130	31	87	2001-02-24
12539	130	32	81	1985-06-19
12540	131	25	59	1986-05-15
12541	131	26	92	2015-09-17
12542	131	27	85	2019-06-12
12543	131	28	33	1977-07-04
12544	131	29	23	1971-07-31
12545	131	30	38	2010-01-03
12546	131	31	71	1991-03-18
12547	131	32	64	1973-04-11
12548	132	25	99	2018-04-22
12549	132	26	90	1976-10-09
12550	132	27	51	1970-11-12
12551	132	28	2	2007-04-06
12552	132	29	58	1979-05-22
12553	132	30	6	1993-11-13
12554	132	31	55	2015-02-08
12555	132	32	31	1981-08-04
12556	133	25	74	2001-01-25
12557	133	26	15	2016-02-15
12558	133	27	76	1982-09-19
12559	133	28	89	1998-02-19
12560	133	29	31	2016-03-13
12561	133	30	64	1991-04-25
12562	133	31	57	1985-04-08
12563	133	32	50	1991-04-14
12564	134	25	4	1971-02-12
12565	134	26	34	2021-09-14
12566	134	27	52	2013-12-27
12567	134	28	57	2017-02-15
12568	134	29	35	1998-06-13
12569	134	30	72	1998-09-03
12570	134	31	79	2000-03-26
12571	134	32	71	1998-02-05
12572	135	25	66	1995-10-03
12573	135	26	28	2005-04-07
12574	135	27	96	1979-03-17
12575	135	28	17	2007-10-15
12576	135	29	85	1996-05-25
12577	135	30	81	2001-12-25
12578	135	31	97	1987-11-18
12579	135	32	41	2013-06-19
12580	136	25	43	2001-11-15
12581	136	26	38	1990-01-26
12582	136	27	48	2015-12-04
12583	136	28	7	2011-03-31
12584	136	29	18	1975-01-19
12585	136	30	90	2016-05-16
12586	136	31	15	1996-03-07
12587	136	32	20	2012-11-30
12588	137	25	94	2022-01-22
12589	137	26	90	2023-05-28
12590	137	27	80	2015-08-10
12591	137	28	55	1993-07-02
12592	137	29	68	1987-03-05
12593	137	30	76	1999-10-13
12594	137	31	45	1981-09-22
12595	137	32	16	2017-07-01
12596	138	25	14	1988-11-24
12597	138	26	58	1984-11-14
12598	138	27	50	2017-10-09
12599	138	28	12	2011-08-21
12600	138	29	60	1983-05-31
12601	138	30	77	1987-02-10
12602	138	31	96	2022-09-11
12603	138	32	17	1979-09-17
12604	139	25	3	1978-11-26
12605	139	26	100	2016-03-23
12606	139	27	13	1995-06-25
12607	139	28	20	1992-09-01
12608	139	29	32	2005-10-16
12609	139	30	50	1974-01-15
12610	139	31	46	1989-04-21
12611	139	32	65	2018-06-26
12612	140	25	69	2014-02-13
12613	140	26	18	2001-06-24
12614	140	27	84	2000-07-22
12615	140	28	75	2015-04-16
12616	140	29	86	1988-08-01
12617	140	30	36	1988-05-21
12618	140	31	20	2004-10-08
12619	140	32	45	2012-04-14
12620	141	25	15	2021-07-31
12621	141	26	72	2009-07-05
12622	141	27	9	1994-09-30
12623	141	28	17	1989-12-23
12624	141	29	91	1996-01-14
12625	141	30	21	2020-09-24
12626	141	31	83	1972-08-02
12627	141	32	84	1989-06-28
12628	142	25	34	1980-06-10
12629	142	26	44	2015-04-24
12630	142	27	36	2014-11-13
12631	142	28	100	1973-06-10
12632	142	29	56	1999-08-20
12633	142	30	77	2001-10-09
12634	142	31	55	2017-02-08
12635	142	32	98	1997-03-17
12636	143	25	50	1976-11-05
12637	143	26	28	1983-01-30
12638	143	27	84	1977-02-04
12639	143	28	87	2007-11-23
12640	143	29	99	1999-09-14
12641	143	30	5	1973-12-29
12642	143	31	59	1985-10-21
12643	143	32	8	1989-04-01
12644	144	25	36	2008-08-30
12645	144	26	69	1997-01-31
12646	144	27	74	1980-12-16
12647	144	28	2	2020-03-17
12648	144	29	84	1980-04-12
12649	144	30	62	1987-04-08
12650	144	31	64	2011-10-15
12651	144	32	76	2018-10-03
12652	145	25	29	1977-06-11
12653	145	26	8	1987-06-05
12654	145	27	100	1997-02-23
12655	145	28	52	2007-12-09
12656	145	29	70	2021-07-25
12657	145	30	45	1999-04-14
12658	145	31	19	2010-05-27
12659	145	32	11	1996-09-20
12660	146	25	24	1984-03-10
12661	146	26	30	2019-06-23
12662	146	27	94	2014-03-23
12663	146	28	78	1997-01-16
12664	146	29	35	1970-03-04
12665	146	30	88	2024-04-05
12666	146	31	51	1983-08-29
12667	146	32	47	2023-01-07
12668	147	25	46	1994-08-04
12669	147	26	73	2018-02-04
12670	147	27	39	1993-09-07
12671	147	28	22	2017-03-27
12672	147	29	39	2015-02-15
12673	147	30	63	2008-12-21
12674	147	31	16	2004-10-10
12675	147	32	76	1999-06-03
12676	148	25	27	1970-08-04
12677	148	26	19	1973-07-13
12678	148	27	91	1995-11-17
12679	148	28	72	1979-06-28
12680	148	29	5	1994-08-12
12681	148	30	88	1998-03-29
12682	148	31	34	1983-10-03
12683	148	32	12	2019-04-06
12684	149	25	43	2003-10-15
12685	149	26	54	2013-02-26
12686	149	27	100	1999-09-01
12687	149	28	22	1994-04-17
12688	149	29	96	1970-01-07
12689	149	30	1	2011-10-23
12690	149	31	15	1980-09-22
12691	149	32	27	1972-08-25
12692	150	25	49	2020-08-24
12693	150	26	67	1986-11-15
12694	150	27	77	2005-05-04
12695	150	28	4	1997-08-15
12696	150	29	39	1991-01-31
12697	150	30	100	1978-03-10
12698	150	31	17	1985-01-02
12699	150	32	57	1980-01-30
12700	151	25	50	2015-02-12
12701	151	26	93	1985-05-09
12702	151	27	18	1995-01-12
12703	151	28	95	1970-03-27
12704	151	29	72	1971-07-05
12705	151	30	81	2004-06-15
12706	151	31	99	2015-06-06
12707	151	32	20	1972-08-09
12708	152	25	5	1981-11-19
12709	152	26	8	2001-03-31
12710	152	27	99	1997-04-17
12711	152	28	12	2018-02-26
12712	152	29	81	1970-03-04
12713	152	30	16	1986-01-31
12714	152	31	44	1980-02-22
12715	152	32	27	1989-06-02
12716	153	25	34	2010-06-20
12717	153	26	62	1987-10-11
12718	153	27	61	1978-05-13
12719	153	28	38	2001-03-13
12720	153	29	49	1999-08-10
12721	153	30	60	1981-07-05
12722	153	31	25	1985-08-14
12723	153	32	33	2006-05-16
12724	154	25	55	2023-09-18
12725	154	26	79	2004-10-29
12726	154	27	52	1987-02-21
12727	154	28	92	2001-10-14
12728	154	29	8	1987-01-11
12729	154	30	92	1994-06-21
12730	154	31	68	1994-01-26
12731	154	32	18	2023-10-26
12732	155	25	43	2003-02-23
12733	155	26	53	1997-02-10
12734	155	27	48	2009-06-24
12735	155	28	29	2010-07-12
12736	155	29	93	1997-12-19
12737	155	30	6	1983-11-28
12738	155	31	25	1993-01-23
12739	155	32	38	1990-03-21
12740	156	25	31	2009-02-07
12741	156	26	67	2007-02-17
12742	156	27	3	2022-01-06
12743	156	28	20	2011-08-22
12744	156	29	8	1997-08-17
12745	156	30	34	1977-11-01
12746	156	31	51	1975-02-12
12747	156	32	74	1972-01-18
12748	157	25	46	1979-07-19
12749	157	26	73	2012-07-28
12750	157	27	64	1972-05-13
12751	157	28	47	2011-05-02
12752	157	29	21	2010-11-10
12753	157	30	85	2001-04-10
12754	157	31	3	2015-07-29
12755	157	32	40	1986-06-09
12756	158	25	100	1974-03-12
12757	158	26	56	1990-01-11
12758	158	27	38	1979-02-18
12759	158	28	68	2002-06-16
12760	158	29	37	2009-03-23
12761	158	30	43	2008-10-13
12762	158	31	62	2010-09-12
12763	158	32	100	1986-10-30
12764	159	25	61	2015-10-11
12765	159	26	39	2003-06-06
12766	159	27	74	1991-09-26
12767	159	28	30	2024-01-02
12768	159	29	66	1989-11-01
12769	159	30	69	1970-09-23
12770	159	31	10	2019-02-10
12771	159	32	60	2011-01-07
12772	160	25	30	2012-07-24
12773	160	26	80	2016-01-27
12774	160	27	77	1991-12-28
12775	160	28	65	1989-07-26
12776	160	29	38	2004-03-14
12777	160	30	87	1976-10-03
12778	160	31	4	1996-01-17
12779	160	32	100	1984-12-24
12780	161	25	32	1973-10-14
12781	161	26	48	1984-11-08
12782	161	27	67	2007-06-02
12783	161	28	9	2008-03-13
12784	161	29	46	1999-04-26
12785	161	30	68	2023-05-23
12786	161	31	76	1994-11-20
12787	161	32	4	2012-10-19
12788	162	25	98	2018-04-19
12789	162	26	23	2013-04-29
12790	162	27	62	1992-07-15
12791	162	28	68	2003-05-18
12792	162	29	72	2020-03-03
12793	162	30	4	2016-02-27
12794	162	31	12	2020-10-09
12795	162	32	55	1991-01-18
12796	163	25	64	1977-03-14
12797	163	26	20	1991-07-27
12798	163	27	63	1988-07-21
12799	163	28	70	2002-08-14
12800	163	29	51	2019-01-26
12801	163	30	1	2004-04-03
12802	163	31	29	1972-06-13
12803	163	32	44	1982-05-06
12804	164	25	58	2019-06-17
12805	164	26	12	1992-07-13
12806	164	27	65	1995-11-21
12807	164	28	63	2020-02-25
12808	164	29	64	1999-09-23
12809	164	30	37	1995-09-21
12810	164	31	21	2004-01-25
12811	164	32	12	1979-07-31
12812	115	25	65	1984-04-04
12813	115	26	81	1997-08-26
12814	115	27	49	2008-08-10
12815	115	28	80	1994-05-27
12816	115	29	73	1976-12-19
12817	115	30	90	1990-06-05
12818	115	31	89	2011-10-16
12819	115	32	20	2005-03-02
12820	115	33	4	1986-06-29
12821	115	34	92	2014-01-25
12822	115	35	95	2012-05-27
12823	115	36	66	2017-04-21
12824	115	37	55	1978-02-06
12825	115	38	25	1993-10-03
12826	115	39	5	1998-02-09
12827	115	40	10	1996-09-14
12828	116	25	86	2019-11-06
12829	116	26	23	1998-09-28
12830	116	27	86	2011-12-26
12831	116	28	66	1990-09-12
12832	116	29	27	2021-12-10
12833	116	30	87	2004-06-01
12834	116	31	87	1984-01-03
12835	116	32	87	2014-01-13
12836	116	33	75	2020-02-11
12837	116	34	73	2008-03-28
12838	116	35	49	1971-03-24
12839	116	36	79	2002-01-04
12840	116	37	48	1998-09-07
12841	116	38	0	1992-07-24
12842	116	39	61	1986-10-24
12843	116	40	79	2010-06-27
12844	117	25	65	1975-04-22
12845	117	26	1	2002-10-26
12846	117	27	1	1981-04-04
12847	117	28	65	1979-09-23
12848	117	29	29	2007-09-17
12849	117	30	12	1999-06-19
12850	117	31	84	2022-11-01
12851	117	32	59	1986-05-15
12852	117	33	1	1977-04-07
12853	117	34	38	2016-04-22
12854	117	35	54	1987-01-16
12855	117	36	64	2012-06-20
12856	117	37	9	2019-12-06
12857	117	38	19	1988-04-26
12858	117	39	56	2018-06-28
12859	117	40	85	2022-03-13
12860	118	25	64	1977-06-13
12861	118	26	95	1981-03-04
12862	118	27	100	1985-10-14
12863	118	28	48	1978-10-14
12864	118	29	28	1995-05-24
12865	118	30	37	1977-11-30
12866	118	31	16	1999-07-29
12867	118	32	54	1979-04-18
12868	118	33	99	1994-08-21
12869	118	34	66	1976-02-16
12870	118	35	25	1995-08-01
12871	118	36	69	2006-09-20
12872	118	37	88	1982-05-21
12873	118	38	4	2013-10-21
12874	118	39	71	2012-07-07
12875	118	40	2	1984-09-14
12876	119	25	3	2011-10-28
12877	119	26	12	1972-02-03
12878	119	27	62	1972-10-26
12879	119	28	58	1997-07-15
12880	119	29	62	1987-03-07
12881	119	30	75	1991-05-08
12882	119	31	96	1993-08-27
12883	119	32	91	2013-02-22
12884	119	33	73	2014-07-29
12885	119	34	12	2022-03-20
12886	119	35	86	2018-06-08
12887	119	36	53	1973-11-18
12888	119	37	27	2015-02-19
12889	119	38	84	1997-09-27
12890	119	39	38	1982-05-02
12891	119	40	67	1980-12-18
12892	120	25	63	2011-11-28
12893	120	26	34	1979-05-30
12894	120	27	87	1984-01-20
12895	120	28	57	2018-07-09
12896	120	29	3	2008-10-05
12897	120	30	38	1970-04-19
12898	120	31	45	1989-12-15
12899	120	32	15	2017-12-02
12900	120	33	5	1982-05-31
12901	120	34	63	1975-09-01
12902	120	35	20	1993-01-25
12903	120	36	60	1996-05-30
12904	120	37	2	1980-02-13
12905	120	38	50	1991-02-19
12906	120	39	74	1993-11-29
12907	120	40	12	2018-04-13
12908	121	25	58	1970-12-08
12909	121	26	79	1993-01-27
12910	121	27	4	2023-05-17
12911	121	28	93	2011-01-01
12912	121	29	17	2003-02-25
12913	121	30	73	1982-04-15
12914	121	31	65	1988-06-29
12915	121	32	80	1995-03-01
12916	121	33	34	2021-07-29
12917	121	34	0	2003-01-09
12918	121	35	87	2010-10-28
12919	121	36	50	1975-10-01
12920	121	37	15	1976-03-09
12921	121	38	38	2015-07-11
12922	121	39	0	1976-01-30
12923	121	40	52	2009-09-07
12924	122	25	87	2000-04-03
12925	122	26	14	2023-06-02
12926	122	27	27	1995-01-14
12927	122	28	32	1972-03-22
12928	122	29	3	2021-12-25
12929	122	30	27	1983-12-03
12930	122	31	86	2024-01-21
12931	122	32	68	2023-01-14
12932	122	33	32	1997-12-06
12933	122	34	41	1990-12-01
12934	122	35	98	2022-07-04
12935	122	36	77	1982-12-27
12936	122	37	86	1999-09-15
12937	122	38	58	1987-05-23
12938	122	39	97	1995-10-04
12939	122	40	60	1999-01-01
12940	123	25	82	1973-07-14
12941	123	26	29	2010-05-14
12942	123	27	7	2000-06-28
12943	123	28	39	2018-12-17
12944	123	29	28	1982-08-19
12945	123	30	79	2000-12-20
12946	123	31	72	2022-09-27
12947	123	32	53	2001-04-15
12948	123	33	71	1976-10-07
12949	123	34	73	2005-05-03
12950	123	35	33	2008-10-17
12951	123	36	57	2024-02-09
12952	123	37	75	2023-02-22
12953	123	38	88	2014-10-18
12954	123	39	42	1981-07-17
12955	123	40	21	1983-04-13
12956	124	25	38	1992-05-07
12957	124	26	75	2018-07-03
12958	124	27	92	1999-08-18
12959	124	28	77	1976-07-11
12960	124	29	80	2018-04-29
12961	124	30	46	1981-05-26
12962	124	31	24	1990-08-31
12963	124	32	73	1982-08-14
12964	124	33	93	2019-03-17
12965	124	34	95	2002-07-06
12966	124	35	59	1971-09-20
12967	124	36	98	1984-07-10
12968	124	37	73	2008-05-21
12969	124	38	89	2000-05-20
12970	124	39	56	2009-12-27
12971	124	40	33	2002-02-02
12972	125	25	39	2000-02-29
12973	125	26	49	1980-05-02
12974	125	27	60	1980-01-24
12975	125	28	66	1999-05-29
12976	125	29	8	1985-05-01
12977	125	30	41	1998-07-24
12978	125	31	26	1980-06-19
12979	125	32	61	2000-03-31
12980	125	33	17	1992-03-16
12981	125	34	53	2023-08-10
12982	125	35	33	1996-04-10
12983	125	36	60	1992-02-05
12984	125	37	4	2007-08-05
12985	125	38	33	1996-07-24
12986	125	39	43	2006-05-07
12987	125	40	25	2023-05-19
12988	126	25	4	2013-03-17
12989	126	26	17	2018-02-21
12990	126	27	80	1987-06-24
12991	126	28	52	2018-04-19
12992	126	29	16	2015-12-27
12993	126	30	89	2001-01-22
12994	126	31	55	1979-01-30
12995	126	32	47	2004-09-16
12996	126	33	9	1971-02-11
12997	126	34	87	1993-05-28
12998	126	35	18	2019-09-10
12999	126	36	17	2014-10-19
13000	126	37	16	1973-12-07
13001	126	38	80	1974-07-12
13002	126	39	27	1970-06-27
13003	126	40	19	2009-11-08
13004	127	25	79	1989-01-31
13005	127	26	79	2015-06-02
13006	127	27	98	2020-01-10
13007	127	28	81	1995-07-25
13008	127	29	70	2007-09-02
13009	127	30	3	1983-12-09
13010	127	31	43	1991-03-15
13011	127	32	58	1983-03-29
13012	127	33	23	1997-12-31
13013	127	34	3	1994-10-11
13014	127	35	49	1978-07-22
13015	127	36	47	2001-09-29
13016	127	37	23	1983-03-28
13017	127	38	58	1984-01-29
13018	127	39	37	2011-05-15
13019	127	40	86	2008-04-27
13020	128	25	71	2021-11-25
13021	128	26	49	1990-02-22
13022	128	27	12	1999-09-20
13023	128	28	14	2021-04-15
13024	128	29	96	1970-04-20
13025	128	30	19	1976-05-02
13026	128	31	24	1971-05-07
13027	128	32	95	2010-12-06
13028	128	33	24	1996-09-27
13029	128	34	56	2022-02-19
13030	128	35	94	2010-01-10
13031	128	36	35	1990-07-19
13032	128	37	87	2009-06-26
13033	128	38	62	2018-08-22
13034	128	39	59	1985-02-14
13035	128	40	78	2007-04-16
13036	129	25	33	2011-09-01
13037	129	26	45	2014-09-30
13038	129	27	75	1977-03-04
13039	129	28	53	1980-07-14
13040	129	29	62	2004-04-09
13041	129	30	3	1971-09-12
13042	129	31	14	2021-01-19
13043	129	32	10	1973-07-28
13044	129	33	33	1991-06-09
13045	129	34	92	2012-04-21
13046	129	35	16	1983-11-26
13047	129	36	80	1994-04-15
13048	129	37	90	1985-11-23
13049	129	38	98	2007-05-09
13050	129	39	42	2019-10-02
13051	129	40	62	2008-02-05
13052	130	25	0	2013-03-23
13053	130	26	23	2008-12-16
13054	130	27	83	1991-05-06
13055	130	28	24	1997-12-04
13056	130	29	71	1989-07-27
13057	130	30	63	2015-12-07
13058	130	31	11	1975-06-23
13059	130	32	58	1991-07-16
13060	130	33	25	1978-05-17
13061	130	34	57	2021-03-28
13062	130	35	77	1993-05-22
13063	130	36	74	1973-03-01
13064	130	37	88	1990-04-22
13065	130	38	16	1972-08-01
13066	130	39	18	1978-01-26
13067	130	40	50	1996-06-23
13068	131	25	76	1994-01-29
13069	131	26	21	2016-08-12
13070	131	27	56	1996-07-12
13071	131	28	62	2005-08-07
13072	131	29	35	1994-10-16
13073	131	30	0	1988-10-26
13074	131	31	67	1975-10-16
13075	131	32	23	1997-01-02
13076	131	33	54	2001-02-10
13077	131	34	13	1971-10-07
13078	131	35	63	2011-02-14
13079	131	36	18	1975-01-29
13080	131	37	65	1974-03-13
13081	131	38	50	2022-01-04
13082	131	39	16	2001-05-27
13083	131	40	78	2010-10-30
13084	132	25	49	1983-10-31
13085	132	26	4	2001-03-13
13086	132	27	53	1970-02-28
13087	132	28	56	2009-04-15
13088	132	29	61	1983-04-27
13089	132	30	83	2011-02-28
13090	132	31	5	1981-04-10
13091	132	32	25	2017-07-02
13092	132	33	12	1980-01-01
13093	132	34	43	1990-09-16
13094	132	35	33	2023-09-30
13095	132	36	72	1976-09-06
13096	132	37	75	1972-12-05
13097	132	38	1	1999-03-09
13098	132	39	58	1975-12-02
13099	132	40	29	1978-06-15
13100	133	25	15	2011-12-20
13101	133	26	78	1977-12-19
13102	133	27	19	2005-06-04
13103	133	28	72	1988-02-14
13104	133	29	50	1974-06-25
13105	133	30	40	2022-04-29
13106	133	31	60	1991-11-18
13107	133	32	92	2007-07-09
13108	133	33	83	2019-09-16
13109	133	34	81	2023-01-14
13110	133	35	50	1993-01-28
13111	133	36	37	1981-11-26
13112	133	37	36	1996-12-24
13113	133	38	98	1981-05-31
13114	133	39	62	1989-05-14
13115	133	40	69	1982-03-03
13116	134	25	10	1977-02-21
13117	134	26	48	2007-06-21
13118	134	27	2	1973-12-01
13119	134	28	89	2002-03-09
13120	134	29	57	2015-12-27
13121	134	30	92	2005-12-16
13122	134	31	11	2014-09-22
13123	134	32	70	2004-05-24
13124	134	33	93	1996-12-13
13125	134	34	34	1975-05-14
13126	134	35	14	1980-01-20
13127	134	36	27	1980-04-09
13128	134	37	3	1980-05-18
13129	134	38	55	2004-02-17
13130	134	39	12	2000-06-09
13131	134	40	18	2006-02-10
13132	135	25	80	1997-06-26
13133	135	26	71	1987-01-08
13134	135	27	45	2006-10-29
13135	135	28	7	2013-01-30
13136	135	29	33	1994-12-18
13137	135	30	96	2018-09-08
13138	135	31	60	1983-08-25
13139	135	32	55	2024-03-25
13140	135	33	31	1989-05-02
13141	135	34	70	1976-10-22
13142	135	35	89	1974-05-11
13143	135	36	13	1998-03-06
13144	135	37	75	1990-09-10
13145	135	38	6	2012-04-04
13146	135	39	90	1996-05-23
13147	135	40	69	1995-07-21
13148	136	25	53	2008-09-02
13149	136	26	28	2016-06-15
13150	136	27	54	1983-11-29
13151	136	28	76	1991-04-08
13152	136	29	20	2014-07-07
13153	136	30	8	1998-01-12
13154	136	31	93	1984-02-04
13155	136	32	70	2016-01-23
13156	136	33	34	2002-05-02
13157	136	34	48	2012-09-24
13158	136	35	94	1974-09-24
13159	136	36	88	2021-02-18
13160	136	37	72	1993-05-01
13161	136	38	37	2004-08-24
13162	136	39	100	1981-03-14
13163	136	40	15	1986-10-19
13164	137	25	80	1984-09-17
13165	137	26	80	2003-10-14
13166	137	27	12	1977-02-20
13167	137	28	80	1989-04-01
13168	137	29	63	2012-06-02
13169	137	30	24	1976-04-18
13170	137	31	5	2016-05-16
13171	137	32	81	2013-11-05
13172	137	33	47	1992-06-18
13173	137	34	76	1972-07-27
13174	137	35	5	2001-11-01
13175	137	36	45	2022-06-14
13176	137	37	50	2013-10-14
13177	137	38	82	1984-10-18
13178	137	39	78	1997-10-27
13179	137	40	47	1993-01-29
13180	138	25	89	2011-11-16
13181	138	26	89	2022-11-04
13182	138	27	61	1985-02-27
13183	138	28	47	1973-12-10
13184	138	29	87	1984-09-29
13185	138	30	14	1971-04-11
13186	138	31	32	2013-08-04
13187	138	32	14	1986-07-30
13188	138	33	49	1990-06-03
13189	138	34	32	2008-08-14
13190	138	35	9	1987-08-14
13191	138	36	1	1990-08-01
13192	138	37	23	2006-03-13
13193	138	38	100	1980-07-06
13194	138	39	9	2007-01-25
13195	138	40	82	1987-06-11
13196	139	25	31	1972-06-30
13197	139	26	15	1972-08-06
13198	139	27	42	1971-06-03
13199	139	28	76	1995-04-11
13200	139	29	75	1992-12-04
13201	139	30	51	1979-06-07
13202	139	31	75	2012-04-10
13203	139	32	28	2002-09-20
13204	139	33	39	1996-12-26
13205	139	34	2	2015-08-29
13206	139	35	70	2016-07-14
13207	139	36	52	1971-08-01
13208	139	37	91	1988-12-09
13209	139	38	59	1994-12-04
13210	139	39	24	1999-02-14
13211	139	40	5	2014-05-11
13212	140	25	4	2007-07-09
13213	140	26	99	2023-12-11
13214	140	27	74	1981-09-19
13215	140	28	94	1999-08-22
13216	140	29	77	2011-08-28
13217	140	30	88	2022-10-16
13218	140	31	12	2013-10-27
13219	140	32	29	2015-08-16
13220	140	33	51	2010-05-24
13221	140	34	97	1973-01-09
13222	140	35	77	2009-12-18
13223	140	36	57	2010-11-19
13224	140	37	21	1982-04-20
13225	140	38	66	2009-06-19
13226	140	39	21	1977-03-01
13227	140	40	99	1997-02-20
13228	141	25	35	1985-10-01
13229	141	26	98	2023-02-08
13230	141	27	91	2007-05-11
13231	141	28	33	1999-08-07
13232	141	29	2	1995-07-19
13233	141	30	83	1974-06-19
13234	141	31	85	2022-03-17
13235	141	32	76	1984-05-21
13236	141	33	63	2019-01-02
13237	141	34	42	2003-11-01
13238	141	35	48	1979-12-03
13239	141	36	0	1983-03-16
13240	141	37	74	2003-10-11
13241	141	38	70	1992-05-17
13242	141	39	68	2013-08-24
13243	141	40	18	1986-05-09
13244	142	25	88	1999-07-14
13245	142	26	56	1975-07-24
13246	142	27	31	1971-05-30
13247	142	28	97	2007-06-24
13248	142	29	52	2001-03-11
13249	142	30	22	2011-04-30
13250	142	31	79	2007-11-15
13251	142	32	48	2021-01-06
13252	142	33	10	2019-02-11
13253	142	34	66	1974-09-25
13254	142	35	29	1980-11-24
13255	142	36	89	2014-08-16
13256	142	37	47	2007-05-22
13257	142	38	67	1982-09-05
13258	142	39	80	1989-01-05
13259	142	40	44	2014-09-20
13260	143	25	62	1971-02-22
13261	143	26	44	1984-07-02
13262	143	27	58	2002-02-17
13263	143	28	61	1974-04-07
13264	143	29	57	2007-11-25
13265	143	30	54	2002-12-02
13266	143	31	3	2002-05-21
13267	143	32	52	2015-01-05
13268	143	33	22	2001-07-25
13269	143	34	27	1983-07-09
13270	143	35	52	1988-06-16
13271	143	36	10	2022-10-04
13272	143	37	95	2020-03-17
13273	143	38	38	2011-10-07
13274	143	39	40	1978-12-23
13275	143	40	25	1996-08-02
13276	144	25	14	2014-12-12
13277	144	26	37	1984-12-14
13278	144	27	100	1972-12-12
13279	144	28	22	1994-05-27
13280	144	29	78	1983-11-29
13281	144	30	64	1973-08-06
13282	144	31	45	1986-07-04
13283	144	32	4	1977-02-05
13284	144	33	19	1980-02-29
13285	144	34	61	1994-07-10
13286	144	35	35	2001-11-08
13287	144	36	55	1993-10-29
13288	144	37	22	2008-01-26
13289	144	38	20	1984-06-19
13290	144	39	19	1985-07-01
13291	144	40	96	2022-09-18
13292	145	25	19	1973-04-04
13293	145	26	67	1981-05-29
13294	145	27	47	1970-05-27
13295	145	28	83	1981-09-19
13296	145	29	53	2018-09-16
13297	145	30	95	1973-09-03
13298	145	31	60	1974-11-05
13299	145	32	60	2019-03-10
13300	145	33	43	1984-05-16
13301	145	34	22	2019-11-08
13302	145	35	20	1999-06-04
13303	145	36	58	1975-01-10
13304	145	37	28	1987-04-13
13305	145	38	54	2005-01-06
13306	145	39	20	2004-02-13
13307	145	40	78	2004-09-30
13308	146	25	38	1998-11-16
13309	146	26	28	1987-09-07
13310	146	27	0	2017-09-11
13311	146	28	6	2011-04-27
13312	146	29	44	2020-12-28
13313	146	30	99	2015-07-14
13314	146	31	97	2010-07-09
13315	146	32	26	2020-07-16
13316	146	33	56	2009-10-25
13317	146	34	16	2005-05-16
13318	146	35	18	2011-09-06
13319	146	36	88	2017-07-18
13320	146	37	5	1987-07-30
13321	146	38	6	1995-05-09
13322	146	39	52	1995-12-22
13323	146	40	36	1986-01-16
13324	147	25	75	2012-07-28
13325	147	26	9	2011-01-23
13326	147	27	64	1987-01-28
13327	147	28	65	2024-04-10
13328	147	29	89	2015-03-14
13329	147	30	53	1995-05-17
13330	147	31	66	2021-09-29
13331	147	32	99	2007-02-25
13332	147	33	46	2014-01-28
13333	147	34	51	1982-04-05
13334	147	35	42	2011-08-22
13335	147	36	28	2019-12-31
13336	147	37	59	1975-05-21
13337	147	38	15	2011-05-20
13338	147	39	72	1987-02-02
13339	147	40	13	1991-01-10
13340	148	25	34	1984-09-16
13341	148	26	47	1995-08-30
13342	148	27	49	1984-04-03
13343	148	28	75	2010-09-27
13344	148	29	46	1989-02-02
13345	148	30	91	1988-09-22
13346	148	31	10	1983-08-04
13347	148	32	46	1993-11-10
13348	148	33	24	2019-09-21
13349	148	34	88	2023-01-01
13350	148	35	61	2006-10-23
13351	148	36	59	2003-03-08
13352	148	37	17	2023-01-24
13353	148	38	46	1979-08-27
13354	148	39	80	1987-10-02
13355	148	40	69	1984-07-24
13356	149	25	93	1980-08-09
13357	149	26	35	1990-03-06
13358	149	27	63	2020-08-02
13359	149	28	22	1982-01-23
13360	149	29	12	1986-04-19
13361	149	30	13	1999-03-01
13362	149	31	17	2020-04-01
13363	149	32	79	1986-03-10
13364	149	33	59	1982-06-06
13365	149	34	87	2021-12-29
13366	149	35	22	2017-03-04
13367	149	36	39	2015-06-30
13368	149	37	74	1971-06-30
13369	149	38	99	2008-09-09
13370	149	39	98	1981-07-23
13371	149	40	63	2011-11-05
13372	150	25	67	2005-01-11
13373	150	26	40	1984-10-09
13374	150	27	69	1994-08-29
13375	150	28	56	2021-10-12
13376	150	29	97	1990-03-02
13377	150	30	55	1981-08-20
13378	150	31	74	1976-04-12
13379	150	32	39	2014-07-14
13380	150	33	8	1994-10-16
13381	150	34	54	1976-10-29
13382	150	35	28	2024-03-19
13383	150	36	41	1999-07-07
13384	150	37	54	1992-02-09
13385	150	38	30	2019-08-21
13386	150	39	90	1981-03-29
13387	150	40	79	1975-12-14
13388	151	25	22	1983-08-11
13389	151	26	93	1972-08-16
13390	151	27	17	1998-12-27
13391	151	28	50	2013-01-10
13392	151	29	89	1972-11-22
13393	151	30	17	1977-01-26
13394	151	31	59	2003-02-23
13395	151	32	79	1977-07-18
13396	151	33	5	1974-07-09
13397	151	34	74	2016-08-16
13398	151	35	46	2008-09-07
13399	151	36	94	1981-02-20
13400	151	37	2	1990-01-25
13401	151	38	57	2013-01-22
13402	151	39	11	1978-03-18
13403	151	40	98	2004-05-05
13404	152	25	38	1996-07-21
13405	152	26	88	1993-03-18
13406	152	27	12	1997-12-19
13407	152	28	72	2007-10-10
13408	152	29	31	2015-09-22
13409	152	30	17	2006-10-20
13410	152	31	10	2016-12-04
13411	152	32	76	1996-04-06
13412	152	33	17	2001-12-16
13413	152	34	30	2024-05-08
13414	152	35	99	1977-10-23
13415	152	36	7	1979-05-31
13416	152	37	9	1974-10-01
13417	152	38	12	1982-06-22
13418	152	39	57	1986-11-16
13419	152	40	28	2004-03-13
13420	153	25	34	1995-07-12
13421	153	26	95	1990-02-01
13422	153	27	33	2024-04-17
13423	153	28	21	1976-12-15
13424	153	29	53	1999-01-05
13425	153	30	7	2015-05-14
13426	153	31	60	2016-11-25
13427	153	32	56	1980-11-27
13428	153	33	26	1973-08-02
13429	153	34	44	1998-09-05
13430	153	35	73	1999-06-06
13431	153	36	43	2008-07-23
13432	153	37	7	1979-12-07
13433	153	38	83	1983-08-09
13434	153	39	76	2008-11-19
13435	153	40	58	1979-01-25
13436	154	25	20	2009-06-11
13437	154	26	83	1995-03-28
13438	154	27	63	1971-05-04
13439	154	28	9	2001-11-23
13440	154	29	88	1981-05-29
13441	154	30	22	2013-03-22
13442	154	31	34	2011-05-08
13443	154	32	19	2005-08-26
13444	154	33	97	2018-05-30
13445	154	34	67	2012-02-15
13446	154	35	18	1976-01-08
13447	154	36	16	1974-07-01
13448	154	37	3	2007-08-06
13449	154	38	37	1982-01-01
13450	154	39	95	1983-08-12
13451	154	40	63	2012-08-29
13452	155	25	37	1981-06-01
13453	155	26	98	2006-09-05
13454	155	27	45	1986-05-05
13455	155	28	73	2021-01-27
13456	155	29	59	1988-03-06
13457	155	30	74	1991-05-18
13458	155	31	69	2023-09-24
13459	155	32	96	1981-04-02
13460	155	33	18	1993-09-26
13461	155	34	33	1990-07-02
13462	155	35	37	2023-09-16
13463	155	36	27	1990-09-21
13464	155	37	99	1999-03-20
13465	155	38	64	2024-05-05
13466	155	39	21	1987-09-25
13467	155	40	13	2019-10-08
13468	156	25	93	2019-03-07
13469	156	26	98	1997-01-29
13470	156	27	99	1972-05-08
13471	156	28	32	1973-01-03
13472	156	29	14	1998-09-19
13473	156	30	10	2018-02-11
13474	156	31	44	1974-01-08
13475	156	32	80	1978-08-08
13476	156	33	73	1988-06-08
13477	156	34	4	1988-06-02
13478	156	35	43	2010-02-17
13479	156	36	17	1997-02-24
13480	156	37	88	2020-07-29
13481	156	38	42	1986-02-07
13482	156	39	42	1972-03-28
13483	156	40	13	1988-08-10
13484	157	25	100	2017-09-26
13485	157	26	50	1984-02-11
13486	157	27	31	1977-10-02
13487	157	28	62	2023-03-12
13488	157	29	30	2000-02-05
13489	157	30	16	2014-01-20
13490	157	31	99	2008-11-19
13491	157	32	61	2000-07-04
13492	157	33	94	2004-06-20
13493	157	34	89	1976-01-06
13494	157	35	45	1984-08-04
13495	157	36	63	1975-10-13
13496	157	37	19	1974-12-01
13497	157	38	55	1985-07-23
13498	157	39	13	1984-02-02
13499	157	40	22	2015-02-16
13500	158	25	89	1980-12-23
13501	158	26	57	2012-12-08
13502	158	27	21	2003-12-06
13503	158	28	50	1995-09-12
13504	158	29	76	1979-06-19
13505	158	30	28	1993-08-15
13506	158	31	14	2004-03-29
13507	158	32	97	1988-06-13
13508	158	33	90	1999-05-20
13509	158	34	28	2017-10-27
13510	158	35	51	1974-12-04
13511	158	36	32	2019-10-06
13512	158	37	92	1989-02-15
13513	158	38	17	1976-11-24
13514	158	39	16	2015-12-09
13515	158	40	48	2013-08-03
13516	159	25	97	1991-04-08
13517	159	26	31	2012-08-23
13518	159	27	22	1985-12-30
13519	159	28	36	2015-06-30
13520	159	29	92	2002-04-29
13521	159	30	84	1983-02-15
13522	159	31	65	2016-05-26
13523	159	32	58	1990-06-08
13524	159	33	70	1990-01-16
13525	159	34	30	2009-05-24
13526	159	35	84	2003-06-26
13527	159	36	35	2019-07-02
13528	159	37	11	1999-07-29
13529	159	38	10	1980-09-21
13530	159	39	61	2022-10-16
13531	159	40	4	1999-03-14
13532	160	25	57	2003-11-02
13533	160	26	2	2021-01-25
13534	160	27	83	1978-06-27
13535	160	28	75	1995-12-25
13536	160	29	2	2023-10-12
13537	160	30	89	1974-11-08
13538	160	31	54	2002-12-26
13539	160	32	27	1972-04-29
13540	160	33	7	1996-01-15
13541	160	34	53	2023-04-06
13542	160	35	18	2012-03-13
13543	160	36	70	2023-01-28
13544	160	37	87	2003-01-19
13545	160	38	71	1992-12-13
13546	160	39	30	1973-06-13
13547	160	40	47	1995-08-21
13548	161	25	67	1997-04-09
13549	161	26	18	2017-03-19
13550	161	27	37	1978-08-02
13551	161	28	58	2022-04-04
13552	161	29	58	2011-09-18
13553	161	30	35	2001-02-28
13554	161	31	71	1993-07-15
13555	161	32	61	1988-11-03
13556	161	33	74	2006-01-16
13557	161	34	59	1985-01-22
13558	161	35	14	2024-02-01
13559	161	36	90	1998-06-11
13560	161	37	26	2021-08-01
13561	161	38	67	2000-02-25
13562	161	39	45	1988-07-03
13563	161	40	41	1984-06-26
13564	162	25	78	1977-09-28
13565	162	26	86	2013-09-30
13566	162	27	29	1997-07-06
13567	162	28	57	1994-08-15
13568	162	29	46	2002-12-05
13569	162	30	88	1994-11-11
13570	162	31	24	1985-05-28
13571	162	32	60	1981-07-07
13572	162	33	2	1999-05-03
13573	162	34	52	2004-10-09
13574	162	35	16	2017-07-24
13575	162	36	40	2006-09-30
13576	162	37	76	1998-08-19
13577	162	38	21	2021-09-29
13578	162	39	60	2014-12-21
13579	162	40	70	2003-10-12
13580	163	25	95	1978-04-18
13581	163	26	27	2009-10-13
13582	163	27	65	1998-05-01
13583	163	28	71	2007-12-14
13584	163	29	9	1976-02-08
13585	163	30	15	1986-04-27
13586	163	31	99	1979-11-30
13587	163	32	42	1994-02-03
13588	163	33	64	1978-09-20
13589	163	34	85	1986-11-22
13590	163	35	96	1972-01-01
13591	163	36	86	1993-02-26
13592	163	37	47	1994-07-26
13593	163	38	28	2008-04-29
13594	163	39	10	1994-09-23
13595	163	40	68	1972-03-05
13596	164	25	52	1982-09-05
13597	164	26	60	2018-07-12
13598	164	27	7	1977-03-31
13599	164	28	17	2003-01-07
13600	164	29	90	2013-03-21
13601	164	30	32	2009-05-17
13602	164	31	89	1976-01-18
13603	164	32	34	1991-11-09
13604	164	33	40	2016-05-28
13605	164	34	44	1998-12-16
13606	164	35	57	1974-02-22
13607	164	36	0	2003-05-26
13608	164	37	29	1990-04-20
13609	164	38	90	1970-09-25
13610	164	39	31	1971-09-11
13611	164	40	94	2003-04-09
13612	165	25	93	2023-10-09
13613	165	26	38	1971-12-18
13614	165	27	51	2005-06-29
13615	165	28	45	2005-07-17
13616	165	29	49	2013-05-31
13617	165	30	13	2011-06-25
13618	165	31	79	1987-07-12
13619	165	32	43	2022-09-19
13620	165	33	32	2011-11-18
13621	165	34	59	2000-07-15
13622	165	35	39	1995-02-16
13623	165	36	17	1995-12-11
13624	165	37	64	1974-12-28
13625	165	38	63	2022-08-25
13626	165	39	38	2019-12-27
13627	165	40	10	2024-03-30
13628	166	25	12	1980-08-18
13629	166	26	27	1986-09-15
13630	166	27	25	2020-03-02
13631	166	28	80	1975-12-09
13632	166	29	48	1986-03-02
13633	166	30	26	1993-07-18
13634	166	31	41	2005-04-12
13635	166	32	96	2020-10-13
13636	166	33	53	2002-07-07
13637	166	34	41	1972-12-30
13638	166	35	67	1974-03-20
13639	166	36	50	1994-02-27
13640	166	37	1	2007-03-18
13641	166	38	35	1991-03-27
13642	166	39	63	1985-08-19
13643	166	40	100	1994-04-16
13644	167	25	52	1990-10-28
13645	167	26	73	1995-05-16
13646	167	27	60	2015-01-03
13647	167	28	99	2010-06-09
13648	167	29	38	1974-10-15
13649	167	30	80	2016-08-28
13650	167	31	98	1998-05-24
13651	167	32	43	1970-01-18
13652	167	33	9	2004-10-05
13653	167	34	82	2009-02-03
13654	167	35	8	1986-07-04
13655	167	36	82	1974-01-23
13656	167	37	56	1974-10-30
13657	167	38	74	1974-06-14
13658	167	39	53	2005-09-15
13659	167	40	64	2019-02-28
13660	168	25	98	2014-09-04
13661	168	26	87	1990-09-01
13662	168	27	84	2015-08-29
13663	168	28	85	2013-04-04
13664	168	29	65	2021-08-21
13665	168	30	0	2023-12-10
13666	168	31	95	1970-04-22
13667	168	32	1	2020-01-03
13668	168	33	2	2011-12-18
13669	168	34	87	2016-12-28
13670	168	35	61	1994-10-14
13671	168	36	80	2007-10-29
13672	168	37	30	1986-11-02
13673	168	38	96	2005-12-15
13674	168	39	92	1987-07-30
13675	168	40	68	2012-08-08
13676	169	25	71	1987-04-11
13677	169	26	35	2004-05-30
13678	169	27	14	1997-04-26
13679	169	28	20	2020-11-05
13680	169	29	28	2018-10-03
13681	169	30	97	1980-09-12
13682	169	31	72	1998-05-02
13683	169	32	90	2016-01-31
13684	169	33	50	2015-08-18
13685	169	34	69	1996-09-06
13686	169	35	68	2009-02-13
13687	169	36	8	1974-02-23
13688	169	37	16	1975-09-04
13689	169	38	20	1982-07-19
13690	169	39	40	1978-05-05
13691	169	40	50	1983-05-02
13692	170	25	90	1992-12-06
13693	170	26	13	1982-08-05
13694	170	27	26	1992-04-16
13695	170	28	33	1997-05-01
13696	170	29	77	1986-05-21
13697	170	30	81	2007-06-07
13698	170	31	83	1970-06-10
13699	170	32	63	1970-05-25
13700	170	33	12	2001-01-08
13701	170	34	72	2006-07-21
13702	170	35	36	1985-06-04
13703	170	36	51	2015-07-21
13704	170	37	8	2010-01-20
13705	170	38	64	2023-04-15
13706	170	39	34	1970-10-26
13707	170	40	9	1987-02-10
13708	171	25	87	2000-01-16
13709	171	26	15	1984-01-08
13710	171	27	62	2003-12-21
13711	171	28	18	1987-05-21
13712	171	29	2	2015-11-06
13713	171	30	80	1988-05-29
13714	171	31	64	2021-06-20
13715	171	32	97	2005-12-27
13716	171	33	30	2014-01-23
13717	171	34	80	1971-01-29
13718	171	35	60	1974-07-02
13719	171	36	63	2003-09-02
13720	171	37	3	2020-05-29
13721	171	38	41	2003-08-03
13722	171	39	81	1986-10-05
13723	171	40	53	2009-10-01
13724	172	25	15	2006-04-01
13725	172	26	18	1975-02-09
13726	172	27	43	1993-03-21
13727	172	28	89	1986-08-27
13728	172	29	67	2019-12-30
13729	172	30	10	2003-11-10
13730	172	31	6	2014-06-06
13731	172	32	8	2011-10-19
13732	172	33	4	2020-08-23
13733	172	34	42	1990-01-15
13734	172	35	78	1990-12-10
13735	172	36	94	2005-10-12
13736	172	37	86	1975-05-29
13737	172	38	52	1971-06-30
13738	172	39	1	1996-04-05
13739	172	40	20	1972-08-18
13740	173	25	61	2005-11-25
13741	173	26	69	2004-04-12
13742	173	27	9	1983-07-30
13743	173	28	50	1989-04-14
13744	173	29	0	1982-10-29
13745	173	30	28	1970-04-03
13746	173	31	38	1970-08-03
13747	173	32	72	2023-01-16
13748	173	33	91	2021-11-07
13749	173	34	95	1996-01-05
13750	173	35	62	2010-08-14
13751	173	36	93	2019-01-05
13752	173	37	10	1987-02-24
13753	173	38	82	1978-12-01
13754	173	39	80	1971-05-03
13755	173	40	51	2001-01-17
13756	174	25	100	1995-08-28
13757	174	26	72	2018-08-01
13758	174	27	24	1984-07-03
13759	174	28	25	1998-05-15
13760	174	29	14	2016-11-19
13761	174	30	21	1978-02-11
13762	174	31	90	2008-05-08
13763	174	32	86	1984-03-19
13764	174	33	56	1996-09-10
13765	174	34	60	2006-04-19
13766	174	35	61	2017-05-23
13767	174	36	23	1999-03-30
13768	174	37	60	2007-07-13
13769	174	38	11	1998-11-21
13770	174	39	18	2010-06-22
13771	174	40	76	2024-06-04
13772	175	25	42	2004-12-04
13773	175	26	15	1980-05-03
13774	175	27	98	2010-01-11
13775	175	28	45	1978-12-10
13776	175	29	87	1979-07-18
13777	175	30	21	1970-05-20
13778	175	31	5	1981-01-15
13779	175	32	43	2000-02-17
13780	175	33	18	2018-12-22
13781	175	34	57	1984-11-02
13782	175	35	40	2020-07-03
13783	175	36	21	1992-10-19
13784	175	37	93	1976-05-15
13785	175	38	30	1975-12-06
13786	175	39	42	2003-12-24
13787	175	40	86	2001-08-11
13788	176	25	24	1980-04-13
13789	176	26	32	1996-07-21
13790	176	27	37	2014-09-12
13791	176	28	4	1974-04-02
13792	176	29	0	2015-12-02
13793	176	30	89	2014-12-19
13794	176	31	95	1984-09-10
13795	176	32	22	1984-01-12
13796	176	33	68	1987-03-23
13797	176	34	7	1991-06-14
13798	176	35	42	2018-10-06
13799	176	36	60	1973-10-15
13800	176	37	37	2015-07-25
13801	176	38	68	2022-08-16
13802	176	39	69	2018-09-16
13803	176	40	61	1992-11-09
13804	177	25	26	1985-10-23
13805	177	26	48	2004-07-22
13806	177	27	71	1997-05-12
13807	177	28	67	1998-12-19
13808	177	29	74	1973-04-23
13809	177	30	33	1989-12-25
13810	177	31	91	1972-04-22
13811	177	32	66	2010-07-01
13812	177	33	10	1995-04-21
13813	177	34	83	1995-02-11
13814	177	35	35	1992-05-14
13815	177	36	99	1986-08-20
13816	177	37	57	1992-07-27
13817	177	38	60	2018-09-11
13818	177	39	49	1997-08-06
13819	177	40	66	1982-12-03
13820	178	25	26	2012-10-06
13821	178	26	50	2019-09-05
13822	178	27	49	2013-03-11
13823	178	28	35	1977-03-09
13824	178	29	68	2002-05-26
13825	178	30	8	1973-01-10
13826	178	31	70	1982-10-17
13827	178	32	51	2010-08-17
13828	178	33	74	1993-11-01
13829	178	34	0	2000-04-16
13830	178	35	94	2019-06-06
13831	178	36	17	2019-07-19
13832	178	37	86	2023-07-26
13833	178	38	73	1980-10-15
13834	178	39	72	2012-01-26
13835	178	40	1	2015-05-26
13836	179	25	50	2019-06-12
13837	179	26	92	1975-09-23
13838	179	27	13	2000-03-11
13839	179	28	87	2001-04-24
13840	179	29	65	2005-06-07
13841	179	30	99	1984-02-14
13842	179	31	25	1972-04-02
13843	179	32	0	1977-02-11
13844	179	33	76	1977-09-14
13845	179	34	13	2019-07-07
13846	179	35	88	1984-04-26
13847	179	36	48	1981-11-14
13848	179	37	54	1972-03-17
13849	179	38	66	2021-05-06
13850	179	39	36	1970-08-20
13851	179	40	23	2023-09-11
13852	180	25	99	1998-11-04
13853	180	26	31	2020-04-24
13854	180	27	96	1980-07-25
13855	180	28	31	1979-03-17
13856	180	29	62	2014-07-04
13857	180	30	37	2002-03-31
13858	180	31	47	1971-12-20
13859	180	32	27	2003-06-12
13860	180	33	93	2016-07-04
13861	180	34	33	2010-02-14
13862	180	35	78	2008-06-08
13863	180	36	58	1991-03-12
13864	180	37	41	1994-04-28
13865	180	38	74	1975-12-22
13866	180	39	29	2003-07-02
13867	180	40	20	2014-12-20
13868	181	25	55	1971-05-09
13869	181	26	2	1974-02-24
13870	181	27	14	2002-02-19
13871	181	28	34	2007-12-16
13872	181	29	38	2002-09-15
13873	181	30	56	1977-07-01
13874	181	31	69	1996-06-05
13875	181	32	28	2019-02-03
13876	181	33	83	2016-09-04
13877	181	34	52	1994-09-18
13878	181	35	100	2000-12-04
13879	181	36	52	1978-06-19
13880	181	37	79	2000-08-25
13881	181	38	10	2005-05-14
13882	181	39	26	2003-01-25
13883	181	40	8	2012-10-14
13884	182	25	100	1982-03-10
13885	182	26	11	1988-12-31
13886	182	27	66	1974-12-21
13887	182	28	60	2007-04-03
13888	182	29	99	2018-05-15
13889	182	30	22	1996-08-05
13890	182	31	47	1986-05-07
13891	182	32	26	1983-03-02
13892	182	33	77	1973-05-22
13893	182	34	39	2019-05-23
13894	182	35	56	1999-10-05
13895	182	36	36	2021-01-22
13896	182	37	45	1982-11-25
13897	182	38	6	2006-01-22
13898	182	39	56	2013-01-05
13899	182	40	49	1976-03-23
13900	183	25	80	2017-05-10
13901	183	26	83	2023-02-13
13902	183	27	22	1992-11-04
13903	183	28	29	1978-08-22
13904	183	29	16	1975-08-29
13905	183	30	82	1992-01-08
13906	183	31	62	1975-02-16
13907	183	32	9	1973-10-01
13908	183	33	78	2012-12-24
13909	183	34	50	1988-10-17
13910	183	35	75	1998-10-23
13911	183	36	39	1984-09-16
13912	183	37	89	2021-02-01
13913	183	38	39	1977-09-14
13914	183	39	49	2007-04-27
13915	183	40	95	1984-01-29
13916	184	25	35	2013-06-11
13917	184	26	16	2002-05-25
13918	184	27	48	2014-06-01
13919	184	28	45	1993-07-11
13920	184	29	48	2003-02-23
13921	184	30	9	2022-03-06
13922	184	31	41	1990-01-13
13923	184	32	91	2014-06-16
13924	184	33	80	2007-04-22
13925	184	34	1	2018-05-20
13926	184	35	31	1972-09-09
13927	184	36	56	2013-01-28
13928	184	37	91	1992-11-15
13929	184	38	35	2008-10-02
13930	184	39	77	2016-07-01
13931	184	40	52	2005-04-05
13932	185	25	82	2008-04-09
13933	185	26	94	1971-03-24
13934	185	27	12	1983-04-04
13935	185	28	88	1992-11-20
13936	185	29	91	1970-04-13
13937	185	30	97	1976-03-18
13938	185	31	29	2008-10-16
13939	185	32	97	1999-09-06
13940	185	33	26	2016-03-30
13941	185	34	94	2014-12-08
13942	185	35	65	1986-04-16
13943	185	36	74	1975-11-12
13944	185	37	33	2010-09-24
13945	185	38	100	1970-08-04
13946	185	39	56	1980-02-14
13947	185	40	3	2003-05-23
13948	186	25	31	2003-07-15
13949	186	26	8	1979-02-02
13950	186	27	81	1973-12-16
13951	186	28	55	1971-12-16
13952	186	29	19	2009-12-01
13953	186	30	56	1981-05-31
13954	186	31	5	1999-12-24
13955	186	32	83	1977-04-17
13956	186	33	87	2019-09-05
13957	186	34	79	1986-05-15
13958	186	35	33	1987-06-27
13959	186	36	55	2001-06-27
13960	186	37	41	2018-04-11
13961	186	38	70	1971-12-13
13962	186	39	37	2004-09-28
13963	186	40	97	1971-12-30
13964	187	25	17	2003-07-07
13965	187	26	87	1972-02-07
13966	187	27	90	2018-03-31
13967	187	28	70	1992-12-08
13968	187	29	72	1992-11-10
13969	187	30	60	2013-09-22
13970	187	31	78	1987-10-31
13971	187	32	90	2015-01-13
13972	187	33	68	1974-01-28
13973	187	34	44	2020-01-30
13974	187	35	10	1996-04-21
13975	187	36	36	1995-05-09
13976	187	37	52	2000-10-25
13977	187	38	21	2012-08-05
13978	187	39	4	2017-09-19
13979	187	40	84	1973-06-11
13980	188	25	85	1975-05-09
13981	188	26	8	1995-10-21
13982	188	27	74	2005-12-02
13983	188	28	2	1998-04-04
13984	188	29	39	2021-07-19
13985	188	30	84	1987-10-21
13986	188	31	50	1988-11-13
13987	188	32	90	2021-11-28
13988	188	33	83	2019-03-05
13989	188	34	56	2020-12-07
13990	188	35	51	2020-08-19
13991	188	36	22	2011-12-10
13992	188	37	24	1981-03-24
13993	188	38	79	2002-09-09
13994	188	39	70	2019-05-15
13995	188	40	91	1983-10-01
13996	189	25	47	2017-10-19
13997	189	26	79	2003-03-15
13998	189	27	8	1975-09-22
13999	189	28	71	2003-11-02
14000	189	29	18	2001-12-28
14001	189	30	91	1998-05-21
14002	189	31	84	2009-06-04
14003	189	32	34	1980-02-26
14004	189	33	21	2021-02-19
14005	189	34	67	2002-10-28
14006	189	35	97	1992-07-28
14007	189	36	12	2011-08-01
14008	189	37	6	2002-05-29
14009	189	38	43	1976-04-05
14010	189	39	55	1979-03-07
14011	189	40	88	1972-04-26
14012	190	25	85	2004-07-09
14013	190	26	89	1970-01-02
14014	190	27	19	2009-02-19
14015	190	28	57	1995-03-12
14016	190	29	76	1998-04-07
14017	190	30	27	1970-06-22
14018	190	31	44	1992-12-02
14019	190	32	79	2002-04-12
14020	190	33	61	2002-01-06
14021	190	34	93	2022-06-23
14022	190	35	36	1987-03-16
14023	190	36	53	2012-10-22
14024	190	37	75	2021-03-21
14025	190	38	39	1987-03-30
14026	190	39	95	2005-06-29
14027	190	40	19	1977-04-13
14028	191	25	91	1983-01-08
14029	191	26	73	1971-05-30
14030	191	27	8	2009-12-11
14031	191	28	41	1990-09-12
14032	191	29	67	1986-07-23
14033	191	30	41	2006-06-12
14034	191	31	68	2024-03-02
14035	191	32	68	1976-11-07
14036	191	33	43	1996-04-23
14037	191	34	94	1974-10-18
14038	191	35	30	1988-10-21
14039	191	36	46	1984-12-10
14040	191	37	15	1993-09-04
14041	191	38	56	1995-08-21
14042	191	39	68	1988-02-23
14043	191	40	5	1998-01-03
14044	192	25	39	1980-04-28
14045	192	26	12	2015-01-11
14046	192	27	79	2013-03-13
14047	192	28	60	1989-04-30
14048	192	29	73	1974-11-23
14049	192	30	75	2023-04-30
14050	192	31	56	1997-11-03
14051	192	32	35	2001-04-13
14052	192	33	56	1988-05-16
14053	192	34	69	2003-03-08
14054	192	35	93	2011-02-27
14055	192	36	79	2015-02-13
14056	192	37	93	2009-01-15
14057	192	38	13	1987-12-21
14058	192	39	65	1985-06-05
14059	192	40	12	1972-01-28
14060	193	25	19	1979-04-18
14061	193	26	54	2021-03-02
14062	193	27	86	2023-04-17
14063	193	28	28	2021-05-21
14064	193	29	72	1981-01-17
14065	193	30	4	2020-11-20
14066	193	31	13	2003-09-09
14067	193	32	78	2002-03-09
14068	193	33	89	1998-06-25
14069	193	34	62	1976-01-14
14070	193	35	75	2017-09-18
14071	193	36	100	2005-05-11
14072	193	37	2	1994-05-06
14073	193	38	12	2023-12-31
14074	193	39	22	1996-08-09
14075	193	40	23	1996-05-30
14076	194	25	90	1987-07-27
14077	194	26	28	2008-03-29
14078	194	27	65	1988-08-16
14079	194	28	55	1988-06-15
14080	194	29	61	1972-08-13
14081	194	30	60	2004-11-06
14082	194	31	72	1995-07-28
14083	194	32	11	2015-03-25
14084	194	33	95	2007-07-20
14085	194	34	53	2020-08-19
14086	194	35	93	2005-04-06
14087	194	36	81	2014-11-18
14088	194	37	68	2001-08-07
14089	194	38	10	2015-10-10
14090	194	39	64	2000-03-19
14091	194	40	62	2011-12-07
14092	195	25	90	2007-06-16
14093	195	26	68	2018-06-14
14094	195	27	20	2006-08-02
14095	195	28	1	2023-11-02
14096	195	29	21	2008-08-09
14097	195	30	58	1979-07-23
14098	195	31	94	2012-06-26
14099	195	32	50	2002-03-18
14100	195	33	71	1997-04-03
14101	195	34	44	2011-11-14
14102	195	35	44	1985-08-13
14103	195	36	42	2008-11-21
14104	195	37	72	1977-09-24
14105	195	38	63	1997-05-16
14106	195	39	8	1995-08-25
14107	195	40	16	1975-09-09
14108	196	25	55	1977-01-28
14109	196	26	66	1985-11-03
14110	196	27	48	2013-05-20
14111	196	28	98	2005-09-17
14112	196	29	71	1997-07-05
14113	196	30	43	2020-10-29
14114	196	31	29	1984-01-10
14115	196	32	56	1971-01-10
14116	196	33	5	2007-09-14
14117	196	34	81	2011-05-30
14118	196	35	80	2003-06-16
14119	196	36	7	2004-07-06
14120	196	37	49	1992-09-07
14121	196	38	78	1992-09-19
14122	196	39	47	2013-06-15
14123	196	40	60	1994-12-09
14124	197	25	64	2006-05-25
14125	197	26	63	2001-12-29
14126	197	27	51	1981-11-12
14127	197	28	95	2023-03-08
14128	197	29	100	2011-03-30
14129	197	30	17	1991-08-29
14130	197	31	46	2017-05-01
14131	197	32	47	1999-05-02
14132	197	33	63	2006-05-14
14133	197	34	14	2017-08-02
14134	197	35	44	1976-02-07
14135	197	36	81	2003-10-22
14136	197	37	56	1984-12-05
14137	197	38	61	1973-11-24
14138	197	39	81	1970-04-24
14139	197	40	99	2021-08-06
14140	198	25	61	1975-01-12
14141	198	26	94	2003-04-01
14142	198	27	68	2008-12-28
14143	198	28	55	1997-05-19
14144	198	29	69	2013-01-11
14145	198	30	36	2022-09-28
14146	198	31	83	1975-12-26
14147	198	32	8	2000-09-09
14148	198	33	14	2010-09-14
14149	198	34	42	1970-11-10
14150	198	35	38	2019-02-26
14151	198	36	12	2002-09-13
14152	198	37	84	1983-12-05
14153	198	38	98	2017-11-14
14154	198	39	20	1981-11-21
14155	198	40	5	2003-12-14
14156	199	25	23	2021-04-17
14157	199	26	64	2000-10-16
14158	199	27	2	2005-02-02
14159	199	28	65	2013-06-22
14160	199	29	85	1977-11-02
14161	199	30	14	2021-09-04
14162	199	31	82	2001-01-03
14163	199	32	40	1992-03-15
14164	199	33	63	2006-05-04
14165	199	34	46	2021-12-09
14166	199	35	75	1982-06-23
14167	199	36	64	1979-02-09
14168	199	37	98	1981-01-07
14169	199	38	39	1986-11-09
14170	199	39	80	1978-09-23
14171	199	40	47	2018-10-26
14172	200	25	98	2006-01-27
14173	200	26	89	1985-04-24
14174	200	27	2	1976-07-24
14175	200	28	51	1971-08-22
14176	200	29	35	1974-09-12
14177	200	30	25	1979-08-25
14178	200	31	59	1981-01-16
14179	200	32	64	1997-07-21
14180	200	33	68	1974-04-17
14181	200	34	38	1985-05-05
14182	200	35	86	1995-11-05
14183	200	36	23	1990-09-08
14184	200	37	43	2018-12-10
14185	200	38	69	2001-01-28
14186	200	39	29	1972-04-28
14187	200	40	85	1993-10-25
14188	201	25	7	1989-02-26
14189	201	26	59	1992-06-09
14190	201	27	90	1991-05-27
14191	201	28	49	2022-06-24
14192	201	29	14	2013-12-22
14193	201	30	72	2002-10-07
14194	201	31	3	1986-01-11
14195	201	32	18	2003-08-13
14196	201	33	6	2021-11-06
14197	201	34	70	1988-11-18
14198	201	35	67	1978-09-22
14199	201	36	43	2004-11-27
14200	201	37	84	2000-07-13
14201	201	38	95	1999-07-17
14202	201	39	7	2013-06-08
14203	201	40	87	1983-03-03
14204	202	25	80	1985-12-23
14205	202	26	11	1987-06-02
14206	202	27	48	1975-03-20
14207	202	28	4	1972-09-03
14208	202	29	92	1980-05-16
14209	202	30	30	1981-12-21
14210	202	31	91	2001-08-06
14211	202	32	49	1998-12-13
14212	202	33	36	1983-04-27
14213	202	34	48	2022-01-12
14214	202	35	98	2020-04-28
14215	202	36	51	1972-01-20
14216	202	37	68	2003-08-30
14217	202	38	24	2010-06-21
14218	202	39	32	2002-03-30
14219	202	40	4	2001-10-05
14220	203	25	62	1996-08-04
14221	203	26	2	1981-10-18
14222	203	27	30	2006-08-15
14223	203	28	17	1975-07-28
14224	203	29	54	2008-02-02
14225	203	30	9	2000-09-18
14226	203	31	15	2009-02-01
14227	203	32	15	2006-10-19
14228	203	33	92	1995-02-21
14229	203	34	47	2002-05-08
14230	203	35	43	1977-01-23
14231	203	36	18	1975-11-09
14232	203	37	54	1983-04-02
14233	203	38	3	1991-08-17
14234	203	39	23	1975-07-02
14235	203	40	7	1995-08-24
14236	204	25	40	1971-06-14
14237	204	26	49	2003-09-27
14238	204	27	86	2016-04-15
14239	204	28	54	2018-06-18
14240	204	29	69	2012-06-24
14241	204	30	21	1981-02-12
14242	204	31	84	1988-01-23
14243	204	32	8	1976-04-29
14244	204	33	24	1997-03-19
14245	204	34	48	1980-07-31
14246	204	35	65	1999-09-24
14247	204	36	14	1978-05-14
14248	204	37	54	1981-06-25
14249	204	38	16	2011-01-29
14250	204	39	28	1991-12-18
14251	204	40	37	2009-04-30
14252	205	25	80	1975-05-26
14253	205	26	47	1974-05-14
14254	205	27	73	2004-09-25
14255	205	28	53	1982-07-27
14256	205	29	68	1976-10-15
14257	205	30	62	1986-06-15
14258	205	31	83	1996-01-26
14259	205	32	5	1991-01-12
14260	205	33	30	1975-03-25
14261	205	34	84	1998-05-08
14262	205	35	12	1980-08-03
14263	205	36	80	2016-03-15
14264	205	37	37	1991-01-13
14265	205	38	78	1978-07-23
14266	205	39	37	2001-03-28
14267	205	40	84	2004-01-24
14268	206	25	40	2000-04-06
14269	206	26	42	2008-05-23
14270	206	27	72	2002-09-27
14271	206	28	53	1993-02-19
14272	206	29	23	2000-12-19
14273	206	30	98	2015-05-08
14274	206	31	33	2017-05-30
14275	206	32	90	2018-11-02
14276	206	33	90	2014-11-23
14277	206	34	26	1996-07-13
14278	206	35	61	1974-04-22
14279	206	36	61	1993-12-02
14280	206	37	84	1975-02-17
14281	206	38	95	2018-10-30
14282	206	39	2	2012-10-25
14283	206	40	87	1971-03-08
14284	207	25	86	1990-08-06
14285	207	26	18	1985-12-06
14286	207	27	22	1976-04-03
14287	207	28	33	2007-08-23
14288	207	29	39	1989-10-05
14289	207	30	14	2001-09-02
14290	207	31	85	1975-03-24
14291	207	32	98	1973-04-15
14292	207	33	51	1998-07-08
14293	207	34	3	2008-10-07
14294	207	35	61	1975-02-04
14295	207	36	69	2004-01-23
14296	207	37	73	2011-05-20
14297	207	38	23	2021-04-09
14298	207	39	39	1976-07-06
14299	207	40	96	1984-10-05
14300	208	25	45	1973-11-26
14301	208	26	81	1974-11-19
14302	208	27	90	2014-09-09
14303	208	28	81	1998-04-18
14304	208	29	18	1970-05-07
14305	208	30	7	1980-05-01
14306	208	31	85	1971-02-21
14307	208	32	66	1986-09-27
14308	208	33	3	1980-01-14
14309	208	34	63	1983-05-12
14310	208	35	17	1973-10-22
14311	208	36	48	1995-11-06
14312	208	37	0	1996-04-16
14313	208	38	72	1989-10-03
14314	208	39	64	2018-06-07
14315	208	40	51	1986-09-28
14316	209	25	20	2005-08-08
14317	209	26	90	1980-12-11
14318	209	27	96	1994-09-11
14319	209	28	21	1999-06-26
14320	209	29	6	1987-07-08
14321	209	30	4	1983-06-19
14322	209	31	68	1981-02-06
14323	209	32	69	1992-10-17
14324	209	33	15	1981-08-25
14325	209	34	54	2010-01-23
14326	209	35	99	1992-12-06
14327	209	36	63	2009-12-03
14328	209	37	93	2000-05-12
14329	209	38	68	2007-06-19
14330	209	39	46	2010-09-28
14331	209	40	92	2010-12-28
14332	210	25	41	2018-07-17
14333	210	26	68	1984-07-07
14334	210	27	19	1975-08-26
14335	210	28	26	1992-03-16
14336	210	29	54	1971-11-22
14337	210	30	76	2022-10-23
14338	210	31	20	1983-10-11
14339	210	32	13	1978-10-27
14340	210	33	22	2020-07-11
14341	210	34	93	1991-07-21
14342	210	35	38	1982-06-21
14343	210	36	11	1980-12-24
14344	210	37	61	1977-07-13
14345	210	38	20	1984-02-10
14346	210	39	72	1977-10-28
14347	210	40	76	1971-07-26
14348	211	25	76	1995-06-04
14349	211	26	99	1973-11-03
14350	211	27	67	1979-06-05
14351	211	28	57	2009-09-24
14352	211	29	0	2013-06-16
14353	211	30	56	1982-03-26
14354	211	31	75	1995-01-11
14355	211	32	54	1972-12-15
14356	211	33	84	2020-10-24
14357	211	34	93	1989-08-31
14358	211	35	33	1997-01-22
14359	211	36	90	1984-04-14
14360	211	37	25	2017-11-18
14361	211	38	33	2017-01-29
14362	211	39	97	1983-03-28
14363	211	40	49	1996-02-19
14364	212	25	90	2023-09-03
14365	212	26	34	2017-12-31
14366	212	27	88	2010-02-07
14367	212	28	69	2006-08-22
14368	212	29	28	1978-07-05
14369	212	30	8	1987-10-04
14370	212	31	22	1986-01-29
14371	212	32	71	2010-11-26
14372	212	33	100	1984-12-05
14373	212	34	27	1990-08-01
14374	212	35	51	1971-02-19
14375	212	36	75	2019-02-18
14376	212	37	22	2012-02-02
14377	212	38	90	2005-01-10
14378	212	39	12	2002-06-03
14379	212	40	15	2004-04-22
14380	213	25	41	2022-02-18
14381	213	26	18	2009-08-03
14382	213	27	9	1979-04-16
14383	213	28	92	2019-11-25
14384	213	29	95	2021-05-11
14385	213	30	50	1971-11-22
14386	213	31	15	2001-02-09
14387	213	32	100	1980-07-08
14388	213	33	29	2000-04-21
14389	213	34	46	1983-07-03
14390	213	35	22	1977-08-14
14391	213	36	63	2014-08-11
14392	213	37	63	2000-12-12
14393	213	38	74	1981-02-25
14394	213	39	67	1976-05-29
14395	213	40	66	2022-09-25
14396	214	25	38	2020-07-04
14397	214	26	4	1994-08-30
14398	214	27	63	1975-01-03
14399	214	28	35	2001-12-27
14400	214	29	53	2008-01-24
14401	214	30	75	2023-07-20
14402	214	31	10	1988-12-15
14403	214	32	29	2003-05-08
14404	214	33	8	1996-05-16
14405	214	34	56	2003-08-04
14406	214	35	82	1981-09-10
14407	214	36	6	1992-09-29
14408	214	37	1	2005-06-17
14409	214	38	15	2003-09-26
14410	214	39	64	2021-03-31
14411	214	40	36	2007-09-27
\.


--
-- TOC entry 3387 (class 0 OID 18580)
-- Dependencies: 216
-- Data for Name: groups; Type: TABLE DATA; Schema: public; Owner: postgres
--

COPY public.groups (id, name) FROM stdin;
10	but
11	red
12	test
13	space
14	what
15	bad
\.


--
-- TOC entry 3393 (class 0 OID 18606)
-- Dependencies: 222
-- Data for Name: students; Type: TABLE DATA; Schema: public; Owner: postgres
--

COPY public.students (id, name, email, group_id) FROM stdin;
115	Dennis Richard	sheriadkins@example.net	10
116	Tara Palmer	robert18@example.com	12
117	Lynn Roberts	gboyd@example.org	10
118	Amber Sanders	amy13@example.com	11
119	Gregory Bray	adamsjeremiah@example.org	10
120	Kristina Fleming	deniseross@example.com	11
121	Kimberly Bryant	tiffanybeard@example.org	12
122	Thomas Jackson	aroberts@example.com	12
123	Deborah Cox	thomas36@example.com	12
124	Nicholas Oconnell	dgreen@example.org	11
125	David Bishop	cheryljones@example.com	11
126	David Velez	ashley60@example.net	11
127	Amanda Scott	kathy07@example.com	12
128	Edward Harvey	vfritz@example.org	10
129	Kristen Allen	sheppardkimberly@example.org	10
130	William Guerrero	patrick85@example.com	10
131	Bethany Becker	pagelisa@example.com	11
132	George Becker	georgehughes@example.com	11
133	Aaron Rivers	jwade@example.org	12
134	Benjamin Young	joanneoliver@example.org	11
135	Frederick Webb	daniel42@example.org	12
136	Kyle Scott	danielmanning@example.com	11
137	Aaron Randall	john62@example.net	10
138	Shawn Gonzalez	ramseytanya@example.com	12
139	William Hampton	laurachristensen@example.org	12
140	Kathleen Becker	richard45@example.com	12
141	Timothy David DDS	yhaynes@example.com	11
142	Devon Mccarty	wardgary@example.net	11
143	Sandra Brown	eric80@example.net	10
144	John Herrera	karen23@example.com	12
145	Brianna Collins	stevendonovan@example.com	11
146	Wendy Gilbert	john84@example.org	11
147	Eugene Duarte	zcross@example.com	12
148	Kenneth Hobbs	rgarcia@example.org	12
149	Richard Lewis	jeromeward@example.org	10
150	Sarah Hill	pamelapeterson@example.net	12
151	Kendra Davis	rita62@example.net	10
152	Heather Roberts	morganpaul@example.org	10
153	Elizabeth Love	sheila10@example.net	12
154	Matthew Wang	crystal66@example.org	10
155	Maria Perry	michael94@example.com	11
156	Angela Callahan	jeremytaylor@example.org	11
157	Angela Charles	dcruz@example.net	10
158	Carolyn Flores	aparrish@example.net	12
159	Lindsay Bennett	millerangelica@example.org	10
160	Elizabeth Bradley	brookenavarro@example.net	11
161	James Nichols	lyonsapril@example.com	10
162	Ian Collins	amanda26@example.org	10
163	Phillip Reyes	kathy56@example.org	10
164	Justin Morris	richard63@example.com	12
165	Michael Jones	operry@example.com	12
166	Matthew Jones	gonzalesmeghan@example.net	15
167	Christopher Durham	brandon24@example.com	13
168	Heather Davis	hwilliams@example.com	10
169	Briana Aguilar	johnrodriguez@example.net	15
170	Curtis Bruce	westrichard@example.org	12
171	Sean Khan	kimsarah@example.com	12
172	Morgan Hodges	rodriguezmichael@example.org	10
173	Johnathan Wolf	uball@example.net	15
174	Nicole George	sheppardjill@example.com	12
175	Bryan Bell	justinmcdonald@example.org	10
176	Summer Hamilton	christopher29@example.org	12
177	Kelly Chase	xclayton@example.net	11
178	Bruce Perez	willie49@example.com	10
179	Derrick Barber	mark12@example.com	15
180	Paul Moody	grayrhonda@example.org	14
181	Amy Gray	woodnancy@example.com	12
182	Nicole Mays	rrojas@example.com	13
183	Lisa Hayden	kristin10@example.com	11
184	Heidi Moore	hgonzales@example.com	14
185	Shirley Cline	qnorton@example.net	14
186	Bruce Campbell	justinphillips@example.net	11
187	Sarah Larsen	zconway@example.com	13
188	Sharon Barker	delgadotamara@example.org	15
189	Darren Robinson	guerrerowanda@example.org	10
190	Sharon Smith	ryanthompson@example.net	15
191	Daniel Parsons	cmathews@example.org	15
192	Kelly Miller	sonya30@example.com	12
193	Wendy Campbell	karen01@example.com	11
194	Lisa Collier	zmoreno@example.net	14
195	Tanya Manning	alopez@example.net	11
196	Joshua Shelton	wsmith@example.org	12
197	Madison Myers	carlsonstephanie@example.net	11
198	Jasmine Turner	mark11@example.net	11
199	Matthew Mcbride	hollandalexander@example.net	14
200	Nicholas Logan	scott89@example.com	14
201	James Jones	maymackenzie@example.com	12
202	Roy Dominguez	qshaw@example.org	11
203	Mark Yoder	rachel29@example.com	14
204	Whitney Larsen	garrettpatricia@example.com	15
205	Jonathan Taylor	nortonvicki@example.net	14
206	Brian Mays	browncarol@example.org	12
207	Jordan Thomas	herreraanna@example.com	11
208	Rebecca Wilson	mharmon@example.net	13
209	Nicholas Jensen	sean78@example.com	15
210	Mark King	thomasjenny@example.net	15
211	Richard Brooks	zhughes@example.org	13
212	Dennis Delacruz	timothycampbell@example.net	12
213	Jennifer Nguyen	emily83@example.com	15
214	Kenneth Porter	owhite@example.net	11
\.


--
-- TOC entry 3391 (class 0 OID 18594)
-- Dependencies: 220
-- Data for Name: subjects; Type: TABLE DATA; Schema: public; Owner: postgres
--

COPY public.subjects (id, name, teacher_id) FROM stdin;
25	situation	19
26	discover	20
27	glass	19
28	very	19
29	just	20
30	land	20
31	know	20
32	serve	19
33	show	20
34	treat	20
35	radio	24
36	if	25
37	begin	21
38	build	25
39	if	25
40	draw	24
\.


--
-- TOC entry 3389 (class 0 OID 18587)
-- Dependencies: 218
-- Data for Name: teachers; Type: TABLE DATA; Schema: public; Owner: postgres
--

COPY public.teachers (id, name) FROM stdin;
16	Michael Lane
17	Angela Jones
18	Steven Mendoza
19	Megan Love
20	David Lewis
21	Anthony Keith
22	Karen Heath
23	Karen James
24	Lindsay Wright
25	Scott Reyes
\.


--
-- TOC entry 3407 (class 0 OID 0)
-- Dependencies: 223
-- Name: grades_id_seq; Type: SEQUENCE SET; Schema: public; Owner: postgres
--

SELECT pg_catalog.setval('public.grades_id_seq', 14411, true);


--
-- TOC entry 3408 (class 0 OID 0)
-- Dependencies: 215
-- Name: groups_id_seq; Type: SEQUENCE SET; Schema: public; Owner: postgres
--

SELECT pg_catalog.setval('public.groups_id_seq', 15, true);


--
-- TOC entry 3409 (class 0 OID 0)
-- Dependencies: 221
-- Name: students_id_seq; Type: SEQUENCE SET; Schema: public; Owner: postgres
--

SELECT pg_catalog.setval('public.students_id_seq', 214, true);


--
-- TOC entry 3410 (class 0 OID 0)
-- Dependencies: 219
-- Name: subjects_id_seq; Type: SEQUENCE SET; Schema: public; Owner: postgres
--

SELECT pg_catalog.setval('public.subjects_id_seq', 40, true);


--
-- TOC entry 3411 (class 0 OID 0)
-- Dependencies: 217
-- Name: teachers_id_seq; Type: SEQUENCE SET; Schema: public; Owner: postgres
--

SELECT pg_catalog.setval('public.teachers_id_seq', 25, true);


--
-- TOC entry 3238 (class 2606 OID 18624)
-- Name: grades grades_pkey; Type: CONSTRAINT; Schema: public; Owner: postgres
--

ALTER TABLE ONLY public.grades
    ADD CONSTRAINT grades_pkey PRIMARY KEY (id);


--
-- TOC entry 3230 (class 2606 OID 18585)
-- Name: groups groups_pkey; Type: CONSTRAINT; Schema: public; Owner: postgres
--

ALTER TABLE ONLY public.groups
    ADD CONSTRAINT groups_pkey PRIMARY KEY (id);


--
-- TOC entry 3236 (class 2606 OID 18611)
-- Name: students students_pkey; Type: CONSTRAINT; Schema: public; Owner: postgres
--

ALTER TABLE ONLY public.students
    ADD CONSTRAINT students_pkey PRIMARY KEY (id);


--
-- TOC entry 3234 (class 2606 OID 18599)
-- Name: subjects subjects_pkey; Type: CONSTRAINT; Schema: public; Owner: postgres
--

ALTER TABLE ONLY public.subjects
    ADD CONSTRAINT subjects_pkey PRIMARY KEY (id);


--
-- TOC entry 3232 (class 2606 OID 18592)
-- Name: teachers teachers_pkey; Type: CONSTRAINT; Schema: public; Owner: postgres
--

ALTER TABLE ONLY public.teachers
    ADD CONSTRAINT teachers_pkey PRIMARY KEY (id);


--
-- TOC entry 3241 (class 2606 OID 18625)
-- Name: grades grades_student_id_fkey; Type: FK CONSTRAINT; Schema: public; Owner: postgres
--

ALTER TABLE ONLY public.grades
    ADD CONSTRAINT grades_student_id_fkey FOREIGN KEY (student_id) REFERENCES public.students(id) ON DELETE CASCADE;


--
-- TOC entry 3242 (class 2606 OID 18630)
-- Name: grades grades_subject_id_fkey; Type: FK CONSTRAINT; Schema: public; Owner: postgres
--

ALTER TABLE ONLY public.grades
    ADD CONSTRAINT grades_subject_id_fkey FOREIGN KEY (subject_id) REFERENCES public.subjects(id) ON DELETE CASCADE;


--
-- TOC entry 3240 (class 2606 OID 18612)
-- Name: students students_group_id_fkey; Type: FK CONSTRAINT; Schema: public; Owner: postgres
--

ALTER TABLE ONLY public.students
    ADD CONSTRAINT students_group_id_fkey FOREIGN KEY (group_id) REFERENCES public.groups(id) ON DELETE CASCADE;


--
-- TOC entry 3239 (class 2606 OID 18600)
-- Name: subjects subjects_teacher_id_fkey; Type: FK CONSTRAINT; Schema: public; Owner: postgres
--

ALTER TABLE ONLY public.subjects
    ADD CONSTRAINT subjects_teacher_id_fkey FOREIGN KEY (teacher_id) REFERENCES public.teachers(id) ON DELETE CASCADE;


-- Completed on 2024-06-12 18:07:24

--
-- PostgreSQL database dump complete
--

--
-- Database "test2" dump
--

--
-- PostgreSQL database dump
--

-- Dumped from database version 16.3 (Debian 16.3-1.pgdg120+1)
-- Dumped by pg_dump version 16.3

-- Started on 2024-06-12 18:07:24

SET statement_timeout = 0;
SET lock_timeout = 0;
SET idle_in_transaction_session_timeout = 0;
SET client_encoding = 'UTF8';
SET standard_conforming_strings = on;
SELECT pg_catalog.set_config('search_path', '', false);
SET check_function_bodies = false;
SET xmloption = content;
SET client_min_messages = warning;
SET row_security = off;

--
-- TOC entry 3346 (class 1262 OID 16553)
-- Name: test2; Type: DATABASE; Schema: -; Owner: postgres
--

CREATE DATABASE test2 WITH TEMPLATE = template0 ENCODING = 'UTF8' LOCALE_PROVIDER = libc LOCALE = 'en_US.utf8';


ALTER DATABASE test2 OWNER TO postgres;

\connect test2

SET statement_timeout = 0;
SET lock_timeout = 0;
SET idle_in_transaction_session_timeout = 0;
SET client_encoding = 'UTF8';
SET standard_conforming_strings = on;
SELECT pg_catalog.set_config('search_path', '', false);
SET check_function_bodies = false;
SET xmloption = content;
SET client_min_messages = warning;
SET row_security = off;

-- Completed on 2024-06-12 18:07:24

--
-- PostgreSQL database dump complete
--

-- Completed on 2024-06-12 18:07:24

--
-- PostgreSQL database cluster dump complete
--

